ensemble_position,permeability_realization_id,multiplicity,permeability_sha256_f32,permeability_source,selected_talk_subset,selected_pilot,target_day,schedule_source,target_rates_m3_s,historical_optimization_final,historical_gitcommit,historical_final_has_pressure_or_saturation,historical_optimized_schedule_element_6_of_12_m3_s,historical_seed,reconstructed_historical_s0_value,reconstructed_historical_well_z_index,reconstructed_historical_s0_sha256_f64,historical_initial_state_saved_hash,proposed_common_p0_sha256_f64,proposed_common_s0_sha256_f64,proposed_common_well_z_index,pressure_day480_source,saturation_day480_source,pressure_units,saturation_units,permeability_units,color_limits,status
1,741,1,ad76e904402b10809c44cfc7855e9c15ec3ea6ccb64711251ef17c8095114f31,data/diagnostics/zero_pressure_2026-09-09/inputs/member_001.bin,True,True,480,"docs/injection_rate_arrays.md, Step 1 Case 2","[0.0001, 0.00914, 0.01818, 0.02722, 0.03626, 0.0453]",data/DT_control/exp_name=step1/POF__HARD__eps=0.01__tau=0.05__w=voltime__mode=relative__cvarhinge__kp=50.0__kc=50.0/sample=1/final.jld2,3b89f2ed843bec2e9e15cb9794479ab417561bca,False,0.0970005681818182,2025,0.3322826642865828,191,693eedb0364b5dc535271a51d23118253615144bc41fa8bd0fcfb88131e1a8a4,not available in final.jld2,8e8b73991720afddc6c93f12f3cf95be35085d4275972b36917b0a4d26cb6ea7,693eedb0364b5dc535271a51d23118253615144bc41fa8bd0fcfb88131e1a8a4,191,MISSING,MISSING,Pa stored; MPa displayed,dimensionless,mD displayed; m2 in solver,"K: common positive log limits; p: global extrema after approved runs; S: [0,1]",missing_matched_forward; no new run submitted
2,1706,1,86a81161081ba373bea3ddffff94deca902161dca028efba78447afe18bf80c8,data/diagnostics/zero_pressure_2026-09-09/inputs/member_002.bin,False,False,480,"docs/injection_rate_arrays.md, Step 1 Case 2","[0.0001, 0.00914, 0.01818, 0.02722, 0.03626, 0.0453]",data/DT_control/exp_name=step1/POF__HARD__eps=0.01__tau=0.05__w=voltime__mode=relative__cvarhinge__kp=50.0__kc=50.0/sample=2/final.jld2,72d3f3dcac9e2c427e4269470f171f0a8907008c,False,0.13783863636363636,2026,0.5678530258447203,192,0aa1f3826ec26dc4ba2d4ade7f0f4962b19f9b17f6624a479c59f985e417e662,not available in final.jld2,8e8b73991720afddc6c93f12f3cf95be35085d4275972b36917b0a4d26cb6ea7,693eedb0364b5dc535271a51d23118253615144bc41fa8bd0fcfb88131e1a8a4,191,MISSING,MISSING,Pa stored; MPa displayed,dimensionless,mD displayed; m2 in solver,"K: common positive log limits; p: global extrema after approved runs; S: [0,1]",missing_matched_forward; no new run submitted
3,834,1,debfc3145dadf69b1f49c113e7b22f2642ebc6dfdfef4f49c5e46e3b6b56f261,data/diagnostics/zero_pressure_2026-09-09/inputs/member_003.bin,False,False,480,"docs/injection_rate_arrays.md, Step 1 Case 2","[0.0001, 0.00914, 0.01818, 0.02722, 0.03626, 0.0453]",data/DT_control/exp_name=step1/POF__HARD__eps=0.01__tau=0.05__w=voltime__mode=relative__cvarhinge__kp=50.0__kc=50.0/sample=3/final.jld2,3b89f2ed843bec2e9e15cb9794479ab417561bca,False,0.07633295454545456,2027,0.5665644733417453,192,02f53cbffb2dca3bd24ef84905ee43d36f9fa5a73af20e7144eae63cb5035a2e,not available in final.jld2,8e8b73991720afddc6c93f12f3cf95be35085d4275972b36917b0a4d26cb6ea7,693eedb0364b5dc535271a51d23118253615144bc41fa8bd0fcfb88131e1a8a4,191,MISSING,MISSING,Pa stored; MPa displayed,dimensionless,mD displayed; m2 in solver,"K: common positive log limits; p: global extrema after approved runs; S: [0,1]",missing_matched_forward; no new run submitted
4,440,1,ad4050af745ef44971cd5134007e71ad5e440d51fa1c834a6a4e0cc1e13b4711,data/diagnostics/zero_pressure_2026-09-09/inputs/member_004.bin,False,False,480,"docs/injection_rate_arrays.md, Step 1 Case 2","[0.0001, 0.00914, 0.01818, 0.02722, 0.03626, 0.0453]",data/DT_control/exp_name=step1/POF__HARD__eps=0.01__tau=0.05__w=voltime__mode=relative__cvarhinge__kp=50.0__kc=50.0/sample=4/final.jld2,3b89f2ed843bec2e9e15cb9794479ab417561bca,False,0.08272500000000003,2028,0.237036429653355,196,ddad14bff350b1f8bd39329fee4e317348d3114d729673b9893c7276ed480833,not available in final.jld2,8e8b73991720afddc6c93f12f3cf95be35085d4275972b36917b0a4d26cb6ea7,693eedb0364b5dc535271a51d23118253615144bc41fa8bd0fcfb88131e1a8a4,191,MISSING,MISSING,Pa stored; MPa displayed,dimensionless,mD displayed; m2 in solver,"K: common positive log limits; p: global extrema after approved runs; S: [0,1]",missing_matched_forward; no new run submitted
5,732,1,71686c84f1776d1186cbde787527ffb43121830135e2a5dc8882a96c8dabfdd4,data/diagnostics/zero_pressure_2026-09-09/inputs/member_005.bin,True,False,480,"docs/injection_rate_arrays.md, Step 1 Case 2","[0.0001, 0.00914, 0.01818, 0.02722, 0.03626, 0.0453]",data/DT_control/exp_name=step1/POF__HARD__eps=0.01__tau=0.05__w=voltime__mode=relative__cvarhinge__kp=50.0__kc=50.0/sample=5/final.jld2,3b89f2ed843bec2e9e15cb9794479ab417561bca,False,0.14352045454545456,2029,0.7508835522954638,200,3e55c1d3c06a196718c28360d77dc4ef73deaea057a536d4ba0eba8e45bf5cae,not available in final.jld2,8e8b73991720afddc6c93f12f3cf95be35085d4275972b36917b0a4d26cb6ea7,693eedb0364b5dc535271a51d23118253615144bc41fa8bd0fcfb88131e1a8a4,191,MISSING,MISSING,Pa stored; MPa displayed,dimensionless,mD displayed; m2 in solver,"K: common positive log limits; p: global extrema after approved runs; S: [0,1]",missing_matched_forward; no new run submitted
6,1783,1,efc0db552073d6ee1badf81ce2b66a8c8913f57806ff71a30ca06910a4cccf8c,data/diagnostics/zero_pressure_2026-09-09/inputs/member_006.bin,False,False,480,"docs/injection_rate_arrays.md, Step 1 Case 2","[0.0001, 0.00914, 0.01818, 0.02722, 0.03626, 0.0453]",data/DT_control/exp_name=step1/POF__HARD__eps=0.01__tau=0.05__w=voltime__mode=relative__cvarhinge__kp=50.0__kc=50.0/sample=6/final.jld2,3b89f2ed843bec2e9e15cb9794479ab417561bca,False,0.05841392045454548,2030,0.7720472152696192,191,ef61e92b01c13fa592825b6f25bfc4307cadfe94f4c311a45737c6d61e885afa,not available in final.jld2,8e8b73991720afddc6c93f12f3cf95be35085d4275972b36917b0a4d26cb6ea7,693eedb0364b5dc535271a51d23118253615144bc41fa8bd0fcfb88131e1a8a4,191,MISSING,MISSING,Pa stored; MPa displayed,dimensionless,mD displayed; m2 in solver,"K: common positive log limits; p: global extrema after approved runs; S: [0,1]",missing_matched_forward; no new run submitted
7,1844,1,b5e88cefdde91e5ebb7bb0d2f8dcc36eac06193c87d325b11f9a8fe56e25e3bb,data/diagnostics/zero_pressure_2026-09-09/inputs/member_007.bin,False,False,480,"docs/injection_rate_arrays.md, Step 1 Case 2","[0.0001, 0.00914, 0.01818, 0.02722, 0.03626, 0.0453]",data/DT_control/exp_name=step1/POF__HARD__eps=0.01__tau=0.05__w=voltime__mode=relative__cvarhinge__kp=50.0__kc=50.0/sample=7/final.jld2,3b89f2ed843bec2e9e15cb9794479ab417561bca,False,0.07349204545454548,2031,0.38583398534597213,191,f5eff3e03d68d860ca1e4a5d694f4a651ff479e0529312f34d86c3d562eacbc0,not available in final.jld2,8e8b73991720afddc6c93f12f3cf95be35085d4275972b36917b0a4d26cb6ea7,693eedb0364b5dc535271a51d23118253615144bc41fa8bd0fcfb88131e1a8a4,191,MISSING,MISSING,Pa stored; MPa displayed,dimensionless,mD displayed; m2 in solver,"K: common positive log limits; p: global extrema after approved runs; S: [0,1]",missing_matched_forward; no new run submitted
8,1173,1,7257d9284316420eddadc83f2c765fccf171f72647a79f5a8e26130efc7d9f99,data/diagnostics/zero_pressure_2026-09-09/inputs/member_008.bin,False,False,480,"docs/injection_rate_arrays.md, Step 1 Case 2","[0.0001, 0.00914, 0.01818, 0.02722, 0.03626, 0.0453]",data/DT_control/exp_name=step1/POF__HARD__eps=0.01__tau=0.05__w=voltime__mode=relative__cvarhinge__kp=50.0__kc=50.0/sample=8/final.jld2,3b89f2ed843bec2e9e15cb9794479ab417561bca,False,0.18329318181818183,2032,0.27077068880153393,198,7de3a55921375e12fe3338ced820f11499d74867a30183e68b4778df7398b210,not available in final.jld2,8e8b73991720afddc6c93f12f3cf95be35085d4275972b36917b0a4d26cb6ea7,693eedb0364b5dc535271a51d23118253615144bc41fa8bd0fcfb88131e1a8a4,191,MISSING,MISSING,Pa stored; MPa displayed,dimensionless,mD displayed; m2 in solver,"K: common positive log limits; p: global extrema after approved runs; S: [0,1]",missing_matched_forward; no new run submitted
9,312,1,81d1cc8104f7c6bacaaa6e090c8eb9de8ba234c7c08297823cc050bc05fad489,data/diagnostics/zero_pressure_2026-09-09/inputs/member_009.bin,True,False,480,"docs/injection_rate_arrays.md, Step 1 Case 2","[0.0001, 0.00914, 0.01818, 0.02722, 0.03626, 0.0453]",data/DT_control/exp_name=step1/POF__HARD__eps=0.01__tau=0.05__w=voltime__mode=relative__cvarhinge__kp=50.0__kc=50.0/sample=9/final.jld2,3b89f2ed843bec2e9e15cb9794479ab417561bca,False,0.13925909090909092,2033,0.5983783146771513,199,f1ffb0c06f4a313a8b52b4ee113314003b1c489d3c0799d9b80b2935f6997d39,not available in final.jld2,8e8b73991720afddc6c93f12f3cf95be35085d4275972b36917b0a4d26cb6ea7,693eedb0364b5dc535271a51d23118253615144bc41fa8bd0fcfb88131e1a8a4,191,MISSING,MISSING,Pa stored; MPa displayed,dimensionless,mD displayed; m2 in solver,"K: common positive log limits; p: global extrema after approved runs; S: [0,1]",missing_matched_forward; no new run submitted
10,88,1,cf748e5b3c66febd5eb5c991af08d2756a736f280ede390f07965a5615a50216,data/diagnostics/zero_pressure_2026-09-09/inputs/member_010.bin,False,False,480,"docs/injection_rate_arrays.md, Step 1 Case 2","[0.0001, 0.00914, 0.01818, 0.02722, 0.03626, 0.0453]",data/DT_control/exp_name=step1/POF__HARD__eps=0.01__tau=0.05__w=voltime__mode=relative__cvarhinge__kp=50.0__kc=50.0/sample=10/final.jld2,3b89f2ed843bec2e9e15cb9794479ab417561bca,False,0.07847473366477276,2034,0.4186168149417585,196,007afa8e9d0e12d4d9e6ede48caffb72cce4e4cc61d61c81edb902840b27ee7c,not available in final.jld2,8e8b73991720afddc6c93f12f3cf95be35085d4275972b36917b0a4d26cb6ea7,693eedb0364b5dc535271a51d23118253615144bc41fa8bd0fcfb88131e1a8a4,191,MISSING,MISSING,Pa stored; MPa displayed,dimensionless,mD displayed; m2 in solver,"K: common positive log limits; p: global extrema after approved runs; S: [0,1]",missing_matched_forward; no new run submitted
11,1335,1,494d59cf3094746a8024aeac342e35e1c78eb4e3d3083a2924d2326552c32972,data/diagnostics/zero_pressure_2026-09-09/inputs/member_011.bin,False,False,480,"docs/injection_rate_arrays.md, Step 1 Case 2","[0.0001, 0.00914, 0.01818, 0.02722, 0.03626, 0.0453]",data/DT_control/exp_name=step1/POF__HARD__eps=0.01__tau=0.05__w=voltime__mode=relative__cvarhinge__kp=50.0__kc=50.0/sample=11/final.jld2,3b89f2ed843bec2e9e15cb9794479ab417561bca,False,0.07988409090909093,2035,0.5881835243280236,191,14a65cb157fdbcca7e1c51d68761d2862ed84e168401ca9f102bade8a9bd5428,not available in final.jld2,8e8b73991720afddc6c93f12f3cf95be35085d4275972b36917b0a4d26cb6ea7,693eedb0364b5dc535271a51d23118253615144bc41fa8bd0fcfb88131e1a8a4,191,MISSING,MISSING,Pa stored; MPa displayed,dimensionless,mD displayed; m2 in solver,"K: common positive log limits; p: global extrema after approved runs; S: [0,1]",missing_matched_forward; no new run submitted
12,16,1,f9ea7dbf34772f28a04996df1e0d114f58869f883aa7017e961419a0b959d705,data/diagnostics/zero_pressure_2026-09-09/inputs/member_012.bin,False,False,480,"docs/injection_rate_arrays.md, Step 1 Case 2","[0.0001, 0.00914, 0.01818, 0.02722, 0.03626, 0.0453]",data/DT_control/exp_name=step1/POF__HARD__eps=0.01__tau=0.05__w=voltime__mode=relative__cvarhinge__kp=50.0__kc=50.0/sample=12/final.jld2,3b89f2ed843bec2e9e15cb9794479ab417561bca,False,0.07580028409090912,2036,0.5912982213826238,191,24ed4f61fa0684b834ae4bc7c2b0e796fd3b63477134ce1de98c3a2f2d4b6ff6,not available in final.jld2,8e8b73991720afddc6c93f12f3cf95be35085d4275972b36917b0a4d26cb6ea7,693eedb0364b5dc535271a51d23118253615144bc41fa8bd0fcfb88131e1a8a4,191,MISSING,MISSING,Pa stored; MPa displayed,dimensionless,mD displayed; m2 in solver,"K: common positive log limits; p: global extrema after approved runs; S: [0,1]",missing_matched_forward; no new run submitted
13,1593,1,2b19f6980bf47fc8db08e280c3293552ec9878334078471d863fbfd0ce6c60f7,data/diagnostics/zero_pressure_2026-09-09/inputs/member_013.bin,True,False,480,"docs/injection_rate_arrays.md, Step 1 Case 2","[0.0001, 0.00914, 0.01818, 0.02722, 0.03626, 0.0453]",data/DT_control/exp_name=step1/POF__HARD__eps=0.01__tau=0.05__w=voltime__mode=relative__cvarhinge__kp=50.0__kc=50.0/sample=13/final.jld2,3b89f2ed843bec2e9e15cb9794479ab417561bca,False,0.10374772727272728,2037,0.7729781568678409,191,9b61f86ded8580a22cbd4980ee344c9357609a93ebecf75701e36d2de37ec741,not available in final.jld2,8e8b73991720afddc6c93f12f3cf95be35085d4275972b36917b0a4d26cb6ea7,693eedb0364b5dc535271a51d23118253615144bc41fa8bd0fcfb88131e1a8a4,191,MISSING,MISSING,Pa stored; MPa displayed,dimensionless,mD displayed; m2 in solver,"K: common positive log limits; p: global extrema after approved runs; S: [0,1]",missing_matched_forward; no new run submitted
14,510,1,aa2a1218e9d931dbf6ae6d2b4b64fb507aa2fad15282c2f285822238f8589727,data/diagnostics/zero_pressure_2026-09-09/inputs/member_014.bin,False,False,480,"docs/injection_rate_arrays.md, Step 1 Case 2","[0.0001, 0.00914, 0.01818, 0.02722, 0.03626, 0.0453]",data/DT_control/exp_name=step1/POF__HARD__eps=0.01__tau=0.05__w=voltime__mode=relative__cvarhinge__kp=50.0__kc=50.0/sample=14/final.jld2,3b89f2ed843bec2e9e15cb9794479ab417561bca,False,0.062497727272727295,2038,0.31238336296105007,191,d5326b0bb6397ac64aa530f07d829d90db31b0e41017c688d89c0b8333003544,not available in final.jld2,8e8b73991720afddc6c93f12f3cf95be35085d4275972b36917b0a4d26cb6ea7,693eedb0364b5dc535271a51d23118253615144bc41fa8bd0fcfb88131e1a8a4,191,MISSING,MISSING,Pa stored; MPa displayed,dimensionless,mD displayed; m2 in solver,"K: common positive log limits; p: global extrema after approved runs; S: [0,1]",missing_matched_forward; no new run submitted
15,1509,1,9345794c3dd3c163552c5e218067e5c642126897a00535e030da4f7f10313b28,data/diagnostics/zero_pressure_2026-09-09/inputs/member_015.bin,False,False,480,"docs/injection_rate_arrays.md, Step 1 Case 2","[0.0001, 0.00914, 0.01818, 0.02722, 0.03626, 0.0453]",data/DT_control/exp_name=step1/POF__HARD__eps=0.01__tau=0.05__w=voltime__mode=relative__cvarhinge__kp=50.0__kc=50.0/sample=15/final.jld2,3b89f2ed843bec2e9e15cb9794479ab417561bca,False,0.08769659090909092,2039,0.2659353826597373,192,24fd8687644c56fba255d9f385aa58ec59a437977a602ca2abf69ac3c6ef5ff6,not available in final.jld2,8e8b73991720afddc6c93f12f3cf95be35085d4275972b36917b0a4d26cb6ea7,693eedb0364b5dc535271a51d23118253615144bc41fa8bd0fcfb88131e1a8a4,191,MISSING,MISSING,Pa stored; MPa displayed,dimensionless,mD displayed; m2 in solver,"K: common positive log limits; p: global extrema after approved runs; S: [0,1]",missing_matched_forward; no new run submitted
16,148,1,fd13bfcd33f13f5c54a1a824febe2f4157d64681031454fda7ca82d9e9d92f20,data/diagnostics/zero_pressure_2026-09-09/inputs/member_016.bin,False,False,480,"docs/injection_rate_arrays.md, Step 1 Case 2","[0.0001, 0.00914, 0.01818, 0.02722, 0.03626, 0.0453]",data/DT_control/exp_name=step1/POF__HARD__eps=0.01__tau=0.05__w=voltime__mode=relative__cvarhinge__kp=50.0__kc=50.0/sample=16/final.jld2,3b89f2ed843bec2e9e15cb9794479ab417561bca,False,0.11085000000000002,2040,0.7696027140833626,198,9116b840ded22a5e859131170fa93526d73d2760679fc0140e3c46b7d0d4980f,not available in final.jld2,8e8b73991720afddc6c93f12f3cf95be35085d4275972b36917b0a4d26cb6ea7,693eedb0364b5dc535271a51d23118253615144bc41fa8bd0fcfb88131e1a8a4,191,MISSING,MISSING,Pa stored; MPa displayed,dimensionless,mD displayed; m2 in solver,"K: common positive log limits; p: global extrema after approved runs; S: [0,1]",missing_matched_forward; no new run submitted
17,697,1,321280f3a369e4bb4b4edd5095f32c518cb0b21532939817cf5d97f0aaa929a9,data/diagnostics/zero_pressure_2026-09-09/inputs/member_017.bin,True,False,480,"docs/injection_rate_arrays.md, Step 1 Case 2","[0.0001, 0.00914, 0.01818, 0.02722, 0.03626, 0.0453]",data/DT_control/exp_name=step1/POF__HARD__eps=0.01__tau=0.05__w=voltime__mode=relative__cvarhinge__kp=50.0__kc=50.0/sample=17/final.jld2,3b89f2ed843bec2e9e15cb9794479ab417561bca,False,0.058141193181818214,2041,0.49269490083587175,192,db78d3dff6811fd4beea9aa8348ddd8a8c25209dabf84ee3adba8077f1d4ed8d,not available in final.jld2,8e8b73991720afddc6c93f12f3cf95be35085d4275972b36917b0a4d26cb6ea7,693eedb0364b5dc535271a51d23118253615144bc41fa8bd0fcfb88131e1a8a4,191,MISSING,MISSING,Pa stored; MPa displayed,dimensionless,mD displayed; m2 in solver,"K: common positive log limits; p: global extrema after approved runs; S: [0,1]",missing_matched_forward; no new run submitted
18,873,1,bb3c90a0c0fbf6452f0941cc189297902660ff772e9d43aa6d398f5be7a490d5,data/diagnostics/zero_pressure_2026-09-09/inputs/member_018.bin,False,False,480,"docs/injection_rate_arrays.md, Step 1 Case 2","[0.0001, 0.00914, 0.01818, 0.02722, 0.03626, 0.0453]",data/DT_control/exp_name=step1/POF__HARD__eps=0.01__tau=0.05__w=voltime__mode=relative__cvarhinge__kp=50.0__kc=50.0/sample=18/final.jld2,7a6f9f11cacc3fcc9d9522df08dd291f6dbd5dc5-dirty,False,0.06107726159906989,2042,0.3137618316474112,196,4a6ccb8b22e73e89c929503a637f1ffbe671209266909d0f1ca83fea872a6da0,not available in final.jld2,8e8b73991720afddc6c93f12f3cf95be35085d4275972b36917b0a4d26cb6ea7,693eedb0364b5dc535271a51d23118253615144bc41fa8bd0fcfb88131e1a8a4,191,MISSING,MISSING,Pa stored; MPa displayed,dimensionless,mD displayed; m2 in solver,"K: common positive log limits; p: global extrema after approved runs; S: [0,1]",missing_matched_forward; no new run submitted
19,699,1,90b643c25136b05743b46e0968cc078a40e5281ef4ec5bfd06835aca6b2019b9,data/diagnostics/zero_pressure_2026-09-09/inputs/member_019.bin,False,False,480,"docs/injection_rate_arrays.md, Step 1 Case 2","[0.0001, 0.00914, 0.01818, 0.02722, 0.03626, 0.0453]",data/DT_control/exp_name=step1/POF__HARD__eps=0.01__tau=0.05__w=voltime__mode=relative__cvarhinge__kp=50.0__kc=50.0/sample=19/final.jld2,3b89f2ed843bec2e9e15cb9794479ab417561bca,False,0.25573636363636365,2043,0.22603410620305245,200,3df48acba8411360d3be19c31101026b206fc07be4839410477e982db7651a3b,not available in final.jld2,8e8b73991720afddc6c93f12f3cf95be35085d4275972b36917b0a4d26cb6ea7,693eedb0364b5dc535271a51d23118253615144bc41fa8bd0fcfb88131e1a8a4,191,MISSING,MISSING,Pa stored; MPa displayed,dimensionless,mD displayed; m2 in solver,"K: common positive log limits; p: global extrema after approved runs; S: [0,1]",missing_matched_forward; no new run submitted
20,549,1,c58be1e374edd33db42fa7d3d8a57b0586c0da41c8be3490a683b18f74688884,data/diagnostics/zero_pressure_2026-09-09/inputs/member_020.bin,False,False,480,"docs/injection_rate_arrays.md, Step 1 Case 2","[0.0001, 0.00914, 0.01818, 0.02722, 0.03626, 0.0453]",data/DT_control/exp_name=step1/POF__HARD__eps=0.01__tau=0.05__w=voltime__mode=relative__cvarhinge__kp=50.0__kc=50.0/sample=20/final.jld2,9050b91f39dc945ca1cb54b3d6c4de0935b7d2c0,False,0.13144659090909094,2044,0.7735497158173186,192,37addeb6b5f0e678a78493c1953dfd08cae1d53e9ffced6d1a7f0c792df2b223,not available in final.jld2,8e8b73991720afddc6c93f12f3cf95be35085d4275972b36917b0a4d26cb6ea7,693eedb0364b5dc535271a51d23118253615144bc41fa8bd0fcfb88131e1a8a4,191,MISSING,MISSING,Pa stored; MPa displayed,dimensionless,mD displayed; m2 in solver,"K: common positive log limits; p: global extrema after approved runs; S: [0,1]",missing_matched_forward; no new run submitted
21,133,1,75333728a7eca8423b013831023d74137e23287741e8fc761db600372f2a0220,data/diagnostics/zero_pressure_2026-09-09/inputs/member_021.bin,True,False,480,"docs/injection_rate_arrays.md, Step 1 Case 2","[0.0001, 0.00914, 0.01818, 0.02722, 0.03626, 0.0453]",data/DT_control/exp_name=step1/POF__HARD__eps=0.01__tau=0.05__w=voltime__mode=relative__cvarhinge__kp=50.0__kc=50.0/sample=21/final.jld2,73b5ba97635571df95d417afcf8a6781c98dd4f7,False,0.07420227272727274,2045,0.4257319909869359,191,35a22bcca66472038c35c28ab6f90573f5a4d30ee0860e15645377a4fd2f7797,not available in final.jld2,8e8b73991720afddc6c93f12f3cf95be35085d4275972b36917b0a4d26cb6ea7,693eedb0364b5dc535271a51d23118253615144bc41fa8bd0fcfb88131e1a8a4,191,MISSING,MISSING,Pa stored; MPa displayed,dimensionless,mD displayed; m2 in solver,"K: common positive log limits; p: global extrema after approved runs; S: [0,1]",missing_matched_forward; no new run submitted
22,1407,1,b0231f6e49c1dae07a0bd3de37bf9dec0553a338e8ff2f51615a6f56afab72d3,data/diagnostics/zero_pressure_2026-09-09/inputs/member_022.bin,False,False,480,"docs/injection_rate_arrays.md, Step 1 Case 2","[0.0001, 0.00914, 0.01818, 0.02722, 0.03626, 0.0453]",data/DT_control/exp_name=step1/POF__HARD__eps=0.01__tau=0.05__w=voltime__mode=relative__cvarhinge__kp=50.0__kc=50.0/sample=22/final.jld2,3b89f2ed843bec2e9e15cb9794479ab417561bca,False,0.07633295454545456,2046,0.22468033265021858,191,844436d242f84a3834b1ca5ad6887480673fd4607b3cbfc9d68e9b1c630f57a8,not available in final.jld2,8e8b73991720afddc6c93f12f3cf95be35085d4275972b36917b0a4d26cb6ea7,693eedb0364b5dc535271a51d23118253615144bc41fa8bd0fcfb88131e1a8a4,191,MISSING,MISSING,Pa stored; MPa displayed,dimensionless,mD displayed; m2 in solver,"K: common positive log limits; p: global extrema after approved runs; S: [0,1]",missing_matched_forward; no new run submitted
23,1867,1,ab1710181c25e94d54ce4fe850d4eef6094e7ca190295ce14f179e15012d7519,data/diagnostics/zero_pressure_2026-09-09/inputs/member_023.bin,False,False,480,"docs/injection_rate_arrays.md, Step 1 Case 2","[0.0001, 0.00914, 0.01818, 0.02722, 0.03626, 0.0453]",data/DT_control/exp_name=step1/POF__HARD__eps=0.01__tau=0.05__w=voltime__mode=relative__cvarhinge__kp=50.0__kc=50.0/sample=23/final.jld2,3b89f2ed843bec2e9e15cb9794479ab417561bca,False,0.24437272727272727,2047,0.4211366353954754,198,4b4e6ccc611c8d2113059a9e4806f02993d5441cea17b75609978d48376cdc6a,not available in final.jld2,8e8b73991720afddc6c93f12f3cf95be35085d4275972b36917b0a4d26cb6ea7,693eedb0364b5dc535271a51d23118253615144bc41fa8bd0fcfb88131e1a8a4,191,MISSING,MISSING,Pa stored; MPa displayed,dimensionless,mD displayed; m2 in solver,"K: common positive log limits; p: global extrema after approved runs; S: [0,1]",missing_matched_forward; no new run submitted
24,379,1,801889d2d599e69ff7088aa114893365d9501daf5865b6c7c9fbb22d5e8c9e85,data/diagnostics/zero_pressure_2026-09-09/inputs/member_024.bin,False,False,480,"docs/injection_rate_arrays.md, Step 1 Case 2","[0.0001, 0.00914, 0.01818, 0.02722, 0.03626, 0.0453]",data/DT_control/exp_name=step1/POF__HARD__eps=0.01__tau=0.05__w=voltime__mode=relative__cvarhinge__kp=50.0__kc=50.0/sample=24/final.jld2,3b89f2ed843bec2e9e15cb9794479ab417561bca,False,0.14494090909090912,2048,0.2987049717184067,194,16a6302ab15308065dd55d65a417de31bc20e1bf2ac4a39954bc41f35f670e38,not available in final.jld2,8e8b73991720afddc6c93f12f3cf95be35085d4275972b36917b0a4d26cb6ea7,693eedb0364b5dc535271a51d23118253615144bc41fa8bd0fcfb88131e1a8a4,191,MISSING,MISSING,Pa stored; MPa displayed,dimensionless,mD displayed; m2 in solver,"K: common positive log limits; p: global extrema after approved runs; S: [0,1]",missing_matched_forward; no new run submitted
25,953,1,218da8ca2c54113f795145230e24e6c56d67c691e667fd6bcc7e860d1e48adae,data/diagnostics/zero_pressure_2026-09-09/inputs/member_025.bin,False,False,480,"docs/injection_rate_arrays.md, Step 1 Case 2","[0.0001, 0.00914, 0.01818, 0.02722, 0.03626, 0.0453]",data/DT_control/exp_name=step1/POF__HARD__eps=0.01__tau=0.05__w=voltime__mode=relative__cvarhinge__kp=50.0__kc=50.0/sample=25/final.jld2,3b89f2ed843bec2e9e15cb9794479ab417561bca,False,0.11404602272727274,2049,0.40163393929688684,191,3591fb0c589dc7202cef27f97854e167992b586280a7f37786bc1901e51f8db8,not available in final.jld2,8e8b73991720afddc6c93f12f3cf95be35085d4275972b36917b0a4d26cb6ea7,693eedb0364b5dc535271a51d23118253615144bc41fa8bd0fcfb88131e1a8a4,191,MISSING,MISSING,Pa stored; MPa displayed,dimensionless,mD displayed; m2 in solver,"K: common positive log limits; p: global extrema after approved runs; S: [0,1]",missing_matched_forward; no new run submitted
26,76,1,8adf3e136d4bedb628b5e60fc1ccac5ab9a242626f9f5f96b01f1cc69b1303fb,data/diagnostics/zero_pressure_2026-09-09/inputs/member_026.bin,True,False,480,"docs/injection_rate_arrays.md, Step 1 Case 2","[0.0001, 0.00914, 0.01818, 0.02722, 0.03626, 0.0453]",data/DT_control/exp_name=step1/POF__HARD__eps=0.01__tau=0.05__w=voltime__mode=relative__cvarhinge__kp=50.0__kc=50.0/sample=26/final.jld2,3b89f2ed843bec2e9e15cb9794479ab417561bca,False,0.10090681818181821,2050,0.6641960984930675,197,730eb59aef022f11635680cfb78406d79ec01a3ac9fc3f4b7ac9702e422593b2,not available in final.jld2,8e8b73991720afddc6c93f12f3cf95be35085d4275972b36917b0a4d26cb6ea7,693eedb0364b5dc535271a51d23118253615144bc41fa8bd0fcfb88131e1a8a4,191,MISSING,MISSING,Pa stored; MPa displayed,dimensionless,mD displayed; m2 in solver,"K: common positive log limits; p: global extrema after approved runs; S: [0,1]",missing_matched_forward; no new run submitted
27,540,1,9aaa8907b5636cc07b33647805a68a3b912b95cda766715c26652a304b93bc90,data/diagnostics/zero_pressure_2026-09-09/inputs/member_027.bin,False,False,480,"docs/injection_rate_arrays.md, Step 1 Case 2","[0.0001, 0.00914, 0.01818, 0.02722, 0.03626, 0.0453]",data/DT_control/exp_name=step1/POF__HARD__eps=0.01__tau=0.05__w=voltime__mode=relative__cvarhinge__kp=50.0__kc=50.0/sample=27/final.jld2,3b89f2ed843bec2e9e15cb9794479ab417561bca,False,0.05245937500000002,2051,0.46120309450366453,191,20d6c8e60aba802b640a4993d1976163da39dda73874677cc25eacf9a1b7def2,not available in final.jld2,8e8b73991720afddc6c93f12f3cf95be35085d4275972b36917b0a4d26cb6ea7,693eedb0364b5dc535271a51d23118253615144bc41fa8bd0fcfb88131e1a8a4,191,MISSING,MISSING,Pa stored; MPa displayed,dimensionless,mD displayed; m2 in solver,"K: common positive log limits; p: global extrema after approved runs; S: [0,1]",missing_matched_forward; no new run submitted
28,1553,1,554c017d8f9f2e088e156926e23fb2fb394f4e44a3b83dd77b524f53c62fcf04,data/diagnostics/zero_pressure_2026-09-09/inputs/member_028.bin,False,False,480,"docs/injection_rate_arrays.md, Step 1 Case 2","[0.0001, 0.00914, 0.01818, 0.02722, 0.03626, 0.0453]",data/DT_control/exp_name=step1/POF__HARD__eps=0.01__tau=0.05__w=voltime__mode=relative__cvarhinge__kp=50.0__kc=50.0/sample=28/final.jld2,3b89f2ed843bec2e9e15cb9794479ab417561bca,False,0.12221363636363637,2052,0.3770176941259186,200,ba06dd53eda44558300626e6c59afbd0e0f0212fd157a754a988fc58edd6a102,not available in final.jld2,8e8b73991720afddc6c93f12f3cf95be35085d4275972b36917b0a4d26cb6ea7,693eedb0364b5dc535271a51d23118253615144bc41fa8bd0fcfb88131e1a8a4,191,MISSING,MISSING,Pa stored; MPa displayed,dimensionless,mD displayed; m2 in solver,"K: common positive log limits; p: global extrema after approved runs; S: [0,1]",missing_matched_forward; no new run submitted
29,152,1,8413d2d526c34e60af56d9e0a056302c3144059d745f89800c1bf349c9c25253,data/diagnostics/zero_pressure_2026-09-09/inputs/member_029.bin,False,False,480,"docs/injection_rate_arrays.md, Step 1 Case 2","[0.0001, 0.00914, 0.01818, 0.02722, 0.03626, 0.0453]",data/DT_control/exp_name=step1/POF__HARD__eps=0.01__tau=0.05__w=voltime__mode=relative__cvarhinge__kp=50.0__kc=50.0/sample=29/final.jld2,3b89f2ed843bec2e9e15cb9794479ab417561bca,False,0.10090681818181821,2053,0.7877488269586728,195,76a8dcb71f5fd6a5cb7b79f76f11582d63bba43800b511092f9c0ab7a33bf174,not available in final.jld2,8e8b73991720afddc6c93f12f3cf95be35085d4275972b36917b0a4d26cb6ea7,693eedb0364b5dc535271a51d23118253615144bc41fa8bd0fcfb88131e1a8a4,191,MISSING,MISSING,Pa stored; MPa displayed,dimensionless,mD displayed; m2 in solver,"K: common positive log limits; p: global extrema after approved runs; S: [0,1]",missing_matched_forward; no new run submitted
30,1266,1,aef6cfe6c41ebd1ddd5993d4578c0c351756be50cbd3df51d519377151dcb1f6,data/diagnostics/zero_pressure_2026-09-09/inputs/member_030.bin,True,False,480,"docs/injection_rate_arrays.md, Step 1 Case 2","[0.0001, 0.00914, 0.01818, 0.02722, 0.03626, 0.0453]",data/DT_control/exp_name=step1/POF__HARD__eps=0.01__tau=0.05__w=voltime__mode=relative__cvarhinge__kp=50.0__kc=50.0/sample=30/final.jld2,3b89f2ed843bec2e9e15cb9794479ab417561bca,False,0.12789545454545453,2054,0.487696847486652,191,e46603f3b472ea54a84f2031a29304cfd75525bc5b236d188fb7d5ea191700ff,not available in final.jld2,8e8b73991720afddc6c93f12f3cf95be35085d4275972b36917b0a4d26cb6ea7,693eedb0364b5dc535271a51d23118253615144bc41fa8bd0fcfb88131e1a8a4,191,MISSING,MISSING,Pa stored; MPa displayed,dimensionless,mD displayed; m2 in solver,"K: common positive log limits; p: global extrema after approved runs; S: [0,1]",missing_matched_forward; no new run submitted
31,957,1,c7d87de7b7e6f38ed365a6ba25229926e0221d36fab0968e2060c4cee57fba19,data/diagnostics/zero_pressure_2026-09-09/inputs/member_031.bin,False,False,480,"docs/injection_rate_arrays.md, Step 1 Case 2","[0.0001, 0.00914, 0.01818, 0.02722, 0.03626, 0.0453]",data/DT_control/exp_name=step1/POF__HARD__eps=0.01__tau=0.05__w=voltime__mode=relative__cvarhinge__kp=50.0__kc=50.0/sample=31/final.jld2,3b89f2ed843bec2e9e15cb9794479ab417561bca,False,0.12221363636363637,2055,0.5438173667107319,192,40dae701fe35ef6cb7ff1e9ef3adda083f2e6bb113335f61a75b53fdeb637dc6,not available in final.jld2,8e8b73991720afddc6c93f12f3cf95be35085d4275972b36917b0a4d26cb6ea7,693eedb0364b5dc535271a51d23118253615144bc41fa8bd0fcfb88131e1a8a4,191,MISSING,MISSING,Pa stored; MPa displayed,dimensionless,mD displayed; m2 in solver,"K: common positive log limits; p: global extrema after approved runs; S: [0,1]",missing_matched_forward; no new run submitted
32,1111,1,b006b182b4d666d7bb56b87fdc1f87782eab32487d087e974917021934e1c779,data/diagnostics/zero_pressure_2026-09-09/inputs/member_032.bin,False,False,480,"docs/injection_rate_arrays.md, Step 1 Case 2","[0.0001, 0.00914, 0.01818, 0.02722, 0.03626, 0.0453]",data/DT_control/exp_name=step1/POF__HARD__eps=0.01__tau=0.05__w=voltime__mode=relative__cvarhinge__kp=50.0__kc=50.0/sample=32/final.jld2,73b5ba97635571df95d417afcf8a6781c98dd4f7,False,0.09238409090909092,2056,0.7844941637388065,191,c934cc30ab3721702b799cd8101046cce30fd3034c7a6b3a38d2ba3723af45fa,not available in final.jld2,8e8b73991720afddc6c93f12f3cf95be35085d4275972b36917b0a4d26cb6ea7,693eedb0364b5dc535271a51d23118253615144bc41fa8bd0fcfb88131e1a8a4,191,MISSING,MISSING,Pa stored; MPa displayed,dimensionless,mD displayed; m2 in solver,"K: common positive log limits; p: global extrema after approved runs; S: [0,1]",missing_matched_forward; no new run submitted
33,1474,1,ad22408da21daaf8838b3fa30624d12d1913efe19548c0618fd1e6dde4eb4a85,data/diagnostics/zero_pressure_2026-09-09/inputs/member_033.bin,False,False,480,"docs/injection_rate_arrays.md, Step 1 Case 2","[0.0001, 0.00914, 0.01818, 0.02722, 0.03626, 0.0453]",data/DT_control/exp_name=step1/POF__HARD__eps=0.01__tau=0.05__w=voltime__mode=relative__cvarhinge__kp=50.0__kc=50.0/sample=33/final.jld2,2a2299081766188d5ebe4e31d8d12c06c30c8abc,False,0.3125545454545454,2057,0.4947321372347649,200,4da5f9663c4ad2735fa6f8130a2bb5b11d6524fb7994a3a1ad2afefe38d4e41d,not available in final.jld2,8e8b73991720afddc6c93f12f3cf95be35085d4275972b36917b0a4d26cb6ea7,693eedb0364b5dc535271a51d23118253615144bc41fa8bd0fcfb88131e1a8a4,191,MISSING,MISSING,Pa stored; MPa displayed,dimensionless,mD displayed; m2 in solver,"K: common positive log limits; p: global extrema after approved runs; S: [0,1]",missing_matched_forward; no new run submitted
34,1280,1,3be1832ed218e06a602e2e2c2dc9ed4657b06f67ddda2761c92cbb44f026bba9,data/diagnostics/zero_pressure_2026-09-09/inputs/member_034.bin,True,False,480,"docs/injection_rate_arrays.md, Step 1 Case 2","[0.0001, 0.00914, 0.01818, 0.02722, 0.03626, 0.0453]",data/DT_control/exp_name=step1/POF__HARD__eps=0.01__tau=0.05__w=voltime__mode=relative__cvarhinge__kp=50.0__kc=50.0/sample=34/final.jld2,2a2299081766188d5ebe4e31d8d12c06c30c8abc,False,0.19039545454545453,2058,0.34911667482513775,199,e28c6ce33136313189e4e14513a53a54cda6fa3971b3dc9d6c9204217aaf167a,not available in final.jld2,8e8b73991720afddc6c93f12f3cf95be35085d4275972b36917b0a4d26cb6ea7,693eedb0364b5dc535271a51d23118253615144bc41fa8bd0fcfb88131e1a8a4,191,MISSING,MISSING,Pa stored; MPa displayed,dimensionless,mD displayed; m2 in solver,"K: common positive log limits; p: global extrema after approved runs; S: [0,1]",missing_matched_forward; no new run submitted
35,1049,1,feec09627f5c092cb74d3db8fe2070d40d48f787422f4ff03119576254a8a9bc,data/diagnostics/zero_pressure_2026-09-09/inputs/member_035.bin,False,False,480,"docs/injection_rate_arrays.md, Step 1 Case 2","[0.0001, 0.00914, 0.01818, 0.02722, 0.03626, 0.0453]",data/DT_control/exp_name=step1/POF__HARD__eps=0.01__tau=0.05__w=voltime__mode=relative__cvarhinge__kp=50.0__kc=50.0/sample=35/final.jld2,2a2299081766188d5ebe4e31d8d12c06c30c8abc,False,0.10658863636363637,2059,0.27456046073976537,191,3a64d9cc6feee47449bfdd27574f8b6f3c76f130fb8039319fcd26cdca6655d2,not available in final.jld2,8e8b73991720afddc6c93f12f3cf95be35085d4275972b36917b0a4d26cb6ea7,693eedb0364b5dc535271a51d23118253615144bc41fa8bd0fcfb88131e1a8a4,191,MISSING,MISSING,Pa stored; MPa displayed,dimensionless,mD displayed; m2 in solver,"K: common positive log limits; p: global extrema after approved runs; S: [0,1]",missing_matched_forward; no new run submitted
36,1035,1,75b87c0b2397d04936fd9d7fa727c5e7f23318b76c21647f6aea4fa22cdecb66,data/diagnostics/zero_pressure_2026-09-09/inputs/member_036.bin,False,False,480,"docs/injection_rate_arrays.md, Step 1 Case 2","[0.0001, 0.00914, 0.01818, 0.02722, 0.03626, 0.0453]",data/DT_control/exp_name=step1/POF__HARD__eps=0.01__tau=0.05__w=voltime__mode=relative__cvarhinge__kp=50.0__kc=50.0/sample=36/final.jld2,2a2299081766188d5ebe4e31d8d12c06c30c8abc,False,0.12789545454545453,2060,0.2534368524385994,192,d96299c7f1b86542b42605d7747d5dc8a925e24d722ea6dddcf1f7b0b3d029dd,not available in final.jld2,8e8b73991720afddc6c93f12f3cf95be35085d4275972b36917b0a4d26cb6ea7,693eedb0364b5dc535271a51d23118253615144bc41fa8bd0fcfb88131e1a8a4,191,MISSING,MISSING,Pa stored; MPa displayed,dimensionless,mD displayed; m2 in solver,"K: common positive log limits; p: global extrema after approved runs; S: [0,1]",missing_matched_forward; no new run submitted
37,287,1,870e08687f5dfd5519ead09970241597c478f12a64f9ad596cdb373a2648fc05,data/diagnostics/zero_pressure_2026-09-09/inputs/member_037.bin,False,False,480,"docs/injection_rate_arrays.md, Step 1 Case 2","[0.0001, 0.00914, 0.01818, 0.02722, 0.03626, 0.0453]",data/DT_control/exp_name=step1/POF__HARD__eps=0.01__tau=0.05__w=voltime__mode=relative__cvarhinge__kp=50.0__kc=50.0/sample=37/final.jld2,2a2299081766188d5ebe4e31d8d12c06c30c8abc,False,0.12789545454545453,2061,0.34891551703490187,191,0fa79b355369b262b49ceffb37944e99cb86bf3b536d1f846dfd4106f67cb27a,not available in final.jld2,8e8b73991720afddc6c93f12f3cf95be35085d4275972b36917b0a4d26cb6ea7,693eedb0364b5dc535271a51d23118253615144bc41fa8bd0fcfb88131e1a8a4,191,MISSING,MISSING,Pa stored; MPa displayed,dimensionless,mD displayed; m2 in solver,"K: common positive log limits; p: global extrema after approved runs; S: [0,1]",missing_matched_forward; no new run submitted
38,1956,1,c3626c25b20903edfd84e253d48241f55146772b1e4363b501e9a86cfc0ec003,data/diagnostics/zero_pressure_2026-09-09/inputs/member_038.bin,True,False,480,"docs/injection_rate_arrays.md, Step 1 Case 2","[0.0001, 0.00914, 0.01818, 0.02722, 0.03626, 0.0453]",data/DT_control/exp_name=step1/POF__HARD__eps=0.01__tau=0.05__w=voltime__mode=relative__cvarhinge__kp=50.0__kc=50.0/sample=38/final.jld2,2a2299081766188d5ebe4e31d8d12c06c30c8abc,False,0.07704318181818183,2062,0.4631421196277223,195,c108a26519956fbbe1a3e6a971ed835c07ad04f9d2a5e3c45b00b1184c812df0,not available in final.jld2,8e8b73991720afddc6c93f12f3cf95be35085d4275972b36917b0a4d26cb6ea7,693eedb0364b5dc535271a51d23118253615144bc41fa8bd0fcfb88131e1a8a4,191,MISSING,MISSING,Pa stored; MPa displayed,dimensionless,mD displayed; m2 in solver,"K: common positive log limits; p: global extrema after approved runs; S: [0,1]",missing_matched_forward; no new run submitted
39,988,1,acd0568f5511387be8e112498ab17e25da87543b542dc1904da50b6373f52825,data/diagnostics/zero_pressure_2026-09-09/inputs/member_039.bin,False,False,480,"docs/injection_rate_arrays.md, Step 1 Case 2","[0.0001, 0.00914, 0.01818, 0.02722, 0.03626, 0.0453]",data/DT_control/exp_name=step1/POF__HARD__eps=0.01__tau=0.05__w=voltime__mode=relative__cvarhinge__kp=50.0__kc=50.0/sample=39/final.jld2,2a2299081766188d5ebe4e31d8d12c06c30c8abc,False,0.3125545454545454,2063,0.43417020651363186,199,a2273df0dcb205debda172c09b9c91f07fdfbfa4f7781afb7b9d9c44e49db2c3,not available in final.jld2,8e8b73991720afddc6c93f12f3cf95be35085d4275972b36917b0a4d26cb6ea7,693eedb0364b5dc535271a51d23118253615144bc41fa8bd0fcfb88131e1a8a4,191,MISSING,MISSING,Pa stored; MPa displayed,dimensionless,mD displayed; m2 in solver,"K: common positive log limits; p: global extrema after approved runs; S: [0,1]",missing_matched_forward; no new run submitted
40,96,1,d28ccb41d9ea431fb36d365f0dae9359494b32bc9e7a8d4ef2089e60924e3aff,data/diagnostics/zero_pressure_2026-09-09/inputs/member_040.bin,False,False,480,"docs/injection_rate_arrays.md, Step 1 Case 2","[0.0001, 0.00914, 0.01818, 0.02722, 0.03626, 0.0453]",data/DT_control/exp_name=step1/POF__HARD__eps=0.01__tau=0.05__w=voltime__mode=relative__cvarhinge__kp=50.0__kc=50.0/sample=40/final.jld2,2a2299081766188d5ebe4e31d8d12c06c30c8abc,False,0.20495511363636365,2064,0.7836647057584389,199,1e7656b6203cebdca31354ba084303fbc05ad6b9071ce2360df7eb580219757d,not available in final.jld2,8e8b73991720afddc6c93f12f3cf95be35085d4275972b36917b0a4d26cb6ea7,693eedb0364b5dc535271a51d23118253615144bc41fa8bd0fcfb88131e1a8a4,191,MISSING,MISSING,Pa stored; MPa displayed,dimensionless,mD displayed; m2 in solver,"K: common positive log limits; p: global extrema after approved runs; S: [0,1]",missing_matched_forward; no new run submitted
41,952,1,ca69027cd5f939d98d8122ced7978323d0529de5fbaf56977611e22346cd96ff,data/diagnostics/zero_pressure_2026-09-09/inputs/member_041.bin,False,False,480,"docs/injection_rate_arrays.md, Step 1 Case 2","[0.0001, 0.00914, 0.01818, 0.02722, 0.03626, 0.0453]",data/DT_control/exp_name=step1/POF__HARD__eps=0.01__tau=0.05__w=voltime__mode=relative__cvarhinge__kp=50.0__kc=50.0/sample=41/final.jld2,2a2299081766188d5ebe4e31d8d12c06c30c8abc,False,0.08201477272727276,2065,0.5109087786953795,191,3506d040db08f22f3f0f7bf91215ecce3637edd1a1c582b06527896474c21990,not available in final.jld2,8e8b73991720afddc6c93f12f3cf95be35085d4275972b36917b0a4d26cb6ea7,693eedb0364b5dc535271a51d23118253615144bc41fa8bd0fcfb88131e1a8a4,191,MISSING,MISSING,Pa stored; MPa displayed,dimensionless,mD displayed; m2 in solver,"K: common positive log limits; p: global extrema after approved runs; S: [0,1]",missing_matched_forward; no new run submitted
42,584,1,077c6595eb8426b21548ec299444ad5f30862276a5ba937206d7b3f4e10e18a4,data/diagnostics/zero_pressure_2026-09-09/inputs/member_042.bin,True,False,480,"docs/injection_rate_arrays.md, Step 1 Case 2","[0.0001, 0.00914, 0.01818, 0.02722, 0.03626, 0.0453]",data/DT_control/exp_name=step1/POF__HARD__eps=0.01__tau=0.05__w=voltime__mode=relative__cvarhinge__kp=50.0__kc=50.0/sample=42/final.jld2,2a2299081766188d5ebe4e31d8d12c06c30c8abc,False,0.11085000000000002,2066,0.7386445902037067,191,c08ff39a5fe1bad84fc931997bab087e85324dff5d00f0f03ad3d1d3ce349067,not available in final.jld2,8e8b73991720afddc6c93f12f3cf95be35085d4275972b36917b0a4d26cb6ea7,693eedb0364b5dc535271a51d23118253615144bc41fa8bd0fcfb88131e1a8a4,191,MISSING,MISSING,Pa stored; MPa displayed,dimensionless,mD displayed; m2 in solver,"K: common positive log limits; p: global extrema after approved runs; S: [0,1]",missing_matched_forward; no new run submitted
43,943,1,5efd6d8f5e270f01caae1e51559b899f81d682fffa3de4c78118cd436204a649,data/diagnostics/zero_pressure_2026-09-09/inputs/member_043.bin,False,False,480,"docs/injection_rate_arrays.md, Step 1 Case 2","[0.0001, 0.00914, 0.01818, 0.02722, 0.03626, 0.0453]",data/DT_control/exp_name=step1/POF__HARD__eps=0.01__tau=0.05__w=voltime__mode=relative__cvarhinge__kp=50.0__kc=50.0/sample=43/final.jld2,2a2299081766188d5ebe4e31d8d12c06c30c8abc,False,0.07597784090909095,2067,0.3204864411679038,191,6a80bb219ce37649683b09462b96bded395032c160ee6ce660f2b68f93f0eaa3,not available in final.jld2,8e8b73991720afddc6c93f12f3cf95be35085d4275972b36917b0a4d26cb6ea7,693eedb0364b5dc535271a51d23118253615144bc41fa8bd0fcfb88131e1a8a4,191,MISSING,MISSING,Pa stored; MPa displayed,dimensionless,mD displayed; m2 in solver,"K: common positive log limits; p: global extrema after approved runs; S: [0,1]",missing_matched_forward; no new run submitted
44,1694,1,c3c113bf76b6e31425fc6b2f2ce886ede7b9b0b186d2d8b15431b2278ae10d03,data/diagnostics/zero_pressure_2026-09-09/inputs/member_044.bin,False,False,480,"docs/injection_rate_arrays.md, Step 1 Case 2","[0.0001, 0.00914, 0.01818, 0.02722, 0.03626, 0.0453]",data/DT_control/exp_name=step1/POF__HARD__eps=0.01__tau=0.05__w=voltime__mode=relative__cvarhinge__kp=50.0__kc=50.0/sample=44/final.jld2,2a2299081766188d5ebe4e31d8d12c06c30c8abc,False,0.06817954545454548,2068,0.7564998422706242,195,151f75e974d206635451d8084f6c48f7182d9228efaaf083371d39398669990b,not available in final.jld2,8e8b73991720afddc6c93f12f3cf95be35085d4275972b36917b0a4d26cb6ea7,693eedb0364b5dc535271a51d23118253615144bc41fa8bd0fcfb88131e1a8a4,191,MISSING,MISSING,Pa stored; MPa displayed,dimensionless,mD displayed; m2 in solver,"K: common positive log limits; p: global extrema after approved runs; S: [0,1]",missing_matched_forward; no new run submitted
45,1729,1,feeb217519ac72ed7c5119a4ea11fe292dca0b2e9b785e7ed4c045003b3d1262,data/diagnostics/zero_pressure_2026-09-09/inputs/member_045.bin,False,False,480,"docs/injection_rate_arrays.md, Step 1 Case 2","[0.0001, 0.00914, 0.01818, 0.02722, 0.03626, 0.0453]",data/DT_control/exp_name=step1/POF__HARD__eps=0.01__tau=0.05__w=voltime__mode=relative__cvarhinge__kp=50.0__kc=50.0/sample=45/final.jld2,2a2299081766188d5ebe4e31d8d12c06c30c8abc,False,0.11511136363636365,2069,0.3612440010329295,198,99b19556ee6121cd85b47f3760b61d6b7c998c41ecaa45f7f34a5eb583fe5bd0,not available in final.jld2,8e8b73991720afddc6c93f12f3cf95be35085d4275972b36917b0a4d26cb6ea7,693eedb0364b5dc535271a51d23118253615144bc41fa8bd0fcfb88131e1a8a4,191,MISSING,MISSING,Pa stored; MPa displayed,dimensionless,mD displayed; m2 in solver,"K: common positive log limits; p: global extrema after approved runs; S: [0,1]",missing_matched_forward; no new run submitted
46,67,1,73f681b66bdb948d182057a6a1f213c9ffdb94140d2bb751c01a098cea8ecb1b,data/diagnostics/zero_pressure_2026-09-09/inputs/member_046.bin,True,False,480,"docs/injection_rate_arrays.md, Step 1 Case 2","[0.0001, 0.00914, 0.01818, 0.02722, 0.03626, 0.0453]",data/DT_control/exp_name=step1/POF__HARD__eps=0.01__tau=0.05__w=voltime__mode=relative__cvarhinge__kp=50.0__kc=50.0/sample=46/final.jld2,2a2299081766188d5ebe4e31d8d12c06c30c8abc,False,0.12079318181818183,2070,0.5589396257603805,192,6f8fecbf693cc2d9fdf277a696747b476ddd807b7e795e1ec15d69e03229dce9,not available in final.jld2,8e8b73991720afddc6c93f12f3cf95be35085d4275972b36917b0a4d26cb6ea7,693eedb0364b5dc535271a51d23118253615144bc41fa8bd0fcfb88131e1a8a4,191,MISSING,MISSING,Pa stored; MPa displayed,dimensionless,mD displayed; m2 in solver,"K: common positive log limits; p: global extrema after approved runs; S: [0,1]",missing_matched_forward; no new run submitted
47,1326,1,9cd529f284d38d3fad3f674b3bcd6f542d90fa2d51c4a5a49d3b69d0d6aa8d25,data/diagnostics/zero_pressure_2026-09-09/inputs/member_047.bin,False,False,480,"docs/injection_rate_arrays.md, Step 1 Case 2","[0.0001, 0.00914, 0.01818, 0.02722, 0.03626, 0.0453]",data/DT_control/exp_name=step1/POF__HARD__eps=0.01__tau=0.05__w=voltime__mode=relative__cvarhinge__kp=50.0__kc=50.0/sample=47/final.jld2,2a2299081766188d5ebe4e31d8d12c06c30c8abc,False,0.1506227272727273,2071,0.24082187810184996,198,d61ffcfeaad35bc85dee13ee28201f2b3774bb68af4f857edd6c67cb0301f839,not available in final.jld2,8e8b73991720afddc6c93f12f3cf95be35085d4275972b36917b0a4d26cb6ea7,693eedb0364b5dc535271a51d23118253615144bc41fa8bd0fcfb88131e1a8a4,191,MISSING,MISSING,Pa stored; MPa displayed,dimensionless,mD displayed; m2 in solver,"K: common positive log limits; p: global extrema after approved runs; S: [0,1]",missing_matched_forward; no new run submitted
48,135,1,af44c569835bc3d4940c5416603d7771ff52f8a033ad654a191b561ab61a9b7a,data/diagnostics/zero_pressure_2026-09-09/inputs/member_048.bin,False,False,480,"docs/injection_rate_arrays.md, Step 1 Case 2","[0.0001, 0.00914, 0.01818, 0.02722, 0.03626, 0.0453]",data/DT_control/exp_name=step1/POF__HARD__eps=0.01__tau=0.05__w=voltime__mode=relative__cvarhinge__kp=50.0__kc=50.0/sample=48/final.jld2,2a2299081766188d5ebe4e31d8d12c06c30c8abc,False,0.062497727272727295,2072,0.23243206774082747,191,26342340f40ad79341d0e9fcb5395099022ff4013d03032e4c13b99c6a4fc858,not available in final.jld2,8e8b73991720afddc6c93f12f3cf95be35085d4275972b36917b0a4d26cb6ea7,693eedb0364b5dc535271a51d23118253615144bc41fa8bd0fcfb88131e1a8a4,191,MISSING,MISSING,Pa stored; MPa displayed,dimensionless,mD displayed; m2 in solver,"K: common positive log limits; p: global extrema after approved runs; S: [0,1]",missing_matched_forward; no new run submitted
49,1958,1,64d2e6b5adafd0bee15ceadf75f3a63e074c34667e9c4593c951a6eb7ed1bd10,data/diagnostics/zero_pressure_2026-09-09/inputs/member_049.bin,False,False,480,"docs/injection_rate_arrays.md, Step 1 Case 2","[0.0001, 0.00914, 0.01818, 0.02722, 0.03626, 0.0453]",data/DT_control/exp_name=step1/POF__HARD__eps=0.01__tau=0.05__w=voltime__mode=relative__cvarhinge__kp=50.0__kc=50.0/sample=49/final.jld2,2a2299081766188d5ebe4e31d8d12c06c30c8abc,False,0.25573636363636365,2073,0.35581887509416243,200,10549f9ab9c56dc42df91ac4d3555e9eb6b237f1ad63ae15c7285036eb27cc8b,not available in final.jld2,8e8b73991720afddc6c93f12f3cf95be35085d4275972b36917b0a4d26cb6ea7,693eedb0364b5dc535271a51d23118253615144bc41fa8bd0fcfb88131e1a8a4,191,MISSING,MISSING,Pa stored; MPa displayed,dimensionless,mD displayed; m2 in solver,"K: common positive log limits; p: global extrema after approved runs; S: [0,1]",missing_matched_forward; no new run submitted
50,1503,1,ebb4ef4394f64677b4f5a85a8e6145ae1068c09cce14f3411029763bb91b2ecf,data/diagnostics/zero_pressure_2026-09-09/inputs/member_050.bin,True,False,480,"docs/injection_rate_arrays.md, Step 1 Case 2","[0.0001, 0.00914, 0.01818, 0.02722, 0.03626, 0.0453]",data/DT_control/exp_name=step1/POF__HARD__eps=0.01__tau=0.05__w=voltime__mode=relative__cvarhinge__kp=50.0__kc=50.0/sample=50/final.jld2,2a2299081766188d5ebe4e31d8d12c06c30c8abc,False,0.19394659090909094,2074,0.6394290578644233,198,2f272a7d4e601119388eb46ba4a7b845a4e12a3c0b6206b3c17933394eda978d,not available in final.jld2,8e8b73991720afddc6c93f12f3cf95be35085d4275972b36917b0a4d26cb6ea7,693eedb0364b5dc535271a51d23118253615144bc41fa8bd0fcfb88131e1a8a4,191,MISSING,MISSING,Pa stored; MPa displayed,dimensionless,mD displayed; m2 in solver,"K: common positive log limits; p: global extrema after approved runs; S: [0,1]",missing_matched_forward; no new run submitted
51,1707,1,90a5672a9af7c31fe0b7f920cd0a487550eace1d9407184ffef277aaeb37e505,data/diagnostics/zero_pressure_2026-09-09/inputs/member_051.bin,False,False,480,"docs/injection_rate_arrays.md, Step 1 Case 2","[0.0001, 0.00914, 0.01818, 0.02722, 0.03626, 0.0453]",data/DT_control/exp_name=step1/POF__HARD__eps=0.01__tau=0.05__w=voltime__mode=relative__cvarhinge__kp=50.0__kc=50.0/sample=51/final.jld2,2a2299081766188d5ebe4e31d8d12c06c30c8abc,False,0.10303750000000002,2075,0.3927840060203091,195,53227157db7229b1fca3f8d6d14388cdc04a84a7e7836aea3a778cde655e56f8,not available in final.jld2,8e8b73991720afddc6c93f12f3cf95be35085d4275972b36917b0a4d26cb6ea7,693eedb0364b5dc535271a51d23118253615144bc41fa8bd0fcfb88131e1a8a4,191,MISSING,MISSING,Pa stored; MPa displayed,dimensionless,mD displayed; m2 in solver,"K: common positive log limits; p: global extrema after approved runs; S: [0,1]",missing_matched_forward; no new run submitted
52,1689,1,b85bb57a686a513d89cf8ff08a21d6c34ed1dcbaa3f709021f5ea5d39e06a34a,data/diagnostics/zero_pressure_2026-09-09/inputs/member_052.bin,False,False,480,"docs/injection_rate_arrays.md, Step 1 Case 2","[0.0001, 0.00914, 0.01818, 0.02722, 0.03626, 0.0453]",data/DT_control/exp_name=step1/POF__HARD__eps=0.01__tau=0.05__w=voltime__mode=relative__cvarhinge__kp=50.0__kc=50.0/sample=52/final.jld2,2a2299081766188d5ebe4e31d8d12c06c30c8abc,False,0.04677755681818184,2076,0.3102797661194079,191,0b7a64b3f399d41672df217ddda723a8ccd2b7d2d4f4e8d5e791a2837376cb35,not available in final.jld2,8e8b73991720afddc6c93f12f3cf95be35085d4275972b36917b0a4d26cb6ea7,693eedb0364b5dc535271a51d23118253615144bc41fa8bd0fcfb88131e1a8a4,191,MISSING,MISSING,Pa stored; MPa displayed,dimensionless,mD displayed; m2 in solver,"K: common positive log limits; p: global extrema after approved runs; S: [0,1]",missing_matched_forward; no new run submitted
53,24,1,80de99c9a5f88a7e3c752d16d9212e4740e94b9c07b9903c7b58b864af17807d,data/diagnostics/zero_pressure_2026-09-09/inputs/member_053.bin,False,False,480,"docs/injection_rate_arrays.md, Step 1 Case 2","[0.0001, 0.00914, 0.01818, 0.02722, 0.03626, 0.0453]",data/DT_control/exp_name=step1/POF__HARD__eps=0.01__tau=0.05__w=voltime__mode=relative__cvarhinge__kp=50.0__kc=50.0/sample=53/final.jld2,2a2299081766188d5ebe4e31d8d12c06c30c8abc,False,0.06746931818181821,2077,0.6006450473291571,192,4593a4c090f58ae9cc3c82cae3ae49b0065efdd1582d5516f6ae76b547266f29,not available in final.jld2,8e8b73991720afddc6c93f12f3cf95be35085d4275972b36917b0a4d26cb6ea7,693eedb0364b5dc535271a51d23118253615144bc41fa8bd0fcfb88131e1a8a4,191,MISSING,MISSING,Pa stored; MPa displayed,dimensionless,mD displayed; m2 in solver,"K: common positive log limits; p: global extrema after approved runs; S: [0,1]",missing_matched_forward; no new run submitted
54,121,1,778e0c70adae28b7544c5024433d0657dfe1a3182938a9bfe9c87d0bf9104c3a,data/diagnostics/zero_pressure_2026-09-09/inputs/member_054.bin,True,False,480,"docs/injection_rate_arrays.md, Step 1 Case 2","[0.0001, 0.00914, 0.01818, 0.02722, 0.03626, 0.0453]",data/DT_control/exp_name=step1/POF__HARD__eps=0.01__tau=0.05__w=voltime__mode=relative__cvarhinge__kp=50.0__kc=50.0/sample=54/final.jld2,2a2299081766188d5ebe4e31d8d12c06c30c8abc,False,0.06711420454545458,2078,0.7295781130792649,192,4abf451728c6e49ead50db356ee022baaced59389afa2bdccbc07b20ba215ebc,not available in final.jld2,8e8b73991720afddc6c93f12f3cf95be35085d4275972b36917b0a4d26cb6ea7,693eedb0364b5dc535271a51d23118253615144bc41fa8bd0fcfb88131e1a8a4,191,MISSING,MISSING,Pa stored; MPa displayed,dimensionless,mD displayed; m2 in solver,"K: common positive log limits; p: global extrema after approved runs; S: [0,1]",missing_matched_forward; no new run submitted
55,335,1,3129da0a06620b1d8cad047a26b570eb009c529fc13e573f40dcbc9117958361,data/diagnostics/zero_pressure_2026-09-09/inputs/member_055.bin,False,False,480,"docs/injection_rate_arrays.md, Step 1 Case 2","[0.0001, 0.00914, 0.01818, 0.02722, 0.03626, 0.0453]",data/DT_control/exp_name=step1/POF__HARD__eps=0.01__tau=0.05__w=voltime__mode=relative__cvarhinge__kp=50.0__kc=50.0/sample=55/final.jld2,2a2299081766188d5ebe4e31d8d12c06c30c8abc,False,0.21738409090909092,2079,0.2220210470088454,192,e9b3cf4f42b08dc4ebfbbd2c6a0eee00e8c67e3e4e99ae62178c2e7902379887,not available in final.jld2,8e8b73991720afddc6c93f12f3cf95be35085d4275972b36917b0a4d26cb6ea7,693eedb0364b5dc535271a51d23118253615144bc41fa8bd0fcfb88131e1a8a4,191,MISSING,MISSING,Pa stored; MPa displayed,dimensionless,mD displayed; m2 in solver,"K: common positive log limits; p: global extrema after approved runs; S: [0,1]",missing_matched_forward; no new run submitted
56,816,1,a75b21a297f94ddb90f6e75bbb2ea0d68ffe51cc087f921a41788036372235bb,data/diagnostics/zero_pressure_2026-09-09/inputs/member_056.bin,False,False,480,"docs/injection_rate_arrays.md, Step 1 Case 2","[0.0001, 0.00914, 0.01818, 0.02722, 0.03626, 0.0453]",data/DT_control/exp_name=step1/POF__HARD__eps=0.01__tau=0.05__w=voltime__mode=relative__cvarhinge__kp=50.0__kc=50.0/sample=56/final.jld2,2a2299081766188d5ebe4e31d8d12c06c30c8abc,False,0.1087193181818182,2080,0.6622514045872856,198,52824901038de7069df8a496e2c0ca17809b095e9a78e55e07a66cb0146af7cb,not available in final.jld2,8e8b73991720afddc6c93f12f3cf95be35085d4275972b36917b0a4d26cb6ea7,693eedb0364b5dc535271a51d23118253615144bc41fa8bd0fcfb88131e1a8a4,191,MISSING,MISSING,Pa stored; MPa displayed,dimensionless,mD displayed; m2 in solver,"K: common positive log limits; p: global extrema after approved runs; S: [0,1]",missing_matched_forward; no new run submitted
57,1976,1,b38584fb8bea9a7e0925da09bc44218928c488d099f4437f3e73da04ae7e400a,data/diagnostics/zero_pressure_2026-09-09/inputs/member_057.bin,False,False,480,"docs/injection_rate_arrays.md, Step 1 Case 2","[0.0001, 0.00914, 0.01818, 0.02722, 0.03626, 0.0453]",data/DT_control/exp_name=step1/POF__HARD__eps=0.01__tau=0.05__w=voltime__mode=relative__cvarhinge__kp=50.0__kc=50.0/sample=57/final.jld2,2a2299081766188d5ebe4e31d8d12c06c30c8abc,False,0.36937272727272724,2081,0.4334977549736105,200,af3cf6d6a68f911e0d19e0140cd939bc53fd5ba8325880d3e5fb9aa59612e404,not available in final.jld2,8e8b73991720afddc6c93f12f3cf95be35085d4275972b36917b0a4d26cb6ea7,693eedb0364b5dc535271a51d23118253615144bc41fa8bd0fcfb88131e1a8a4,191,MISSING,MISSING,Pa stored; MPa displayed,dimensionless,mD displayed; m2 in solver,"K: common positive log limits; p: global extrema after approved runs; S: [0,1]",missing_matched_forward; no new run submitted
58,234,1,86604602ff9de2b5397763c4477201c356f02e5a4b24297f569ef37900e8eb01,data/diagnostics/zero_pressure_2026-09-09/inputs/member_058.bin,True,False,480,"docs/injection_rate_arrays.md, Step 1 Case 2","[0.0001, 0.00914, 0.01818, 0.02722, 0.03626, 0.0453]",data/DT_control/exp_name=step1/POF__HARD__eps=0.01__tau=0.05__w=voltime__mode=relative__cvarhinge__kp=50.0__kc=50.0/sample=58/final.jld2,2a2299081766188d5ebe4e31d8d12c06c30c8abc,False,0.11511136363636365,2082,0.7341699001192108,194,ce13195c958afd4e9ed52b146a694d27cf5c434dd1b520de2d932a14a8b59b11,not available in final.jld2,8e8b73991720afddc6c93f12f3cf95be35085d4275972b36917b0a4d26cb6ea7,693eedb0364b5dc535271a51d23118253615144bc41fa8bd0fcfb88131e1a8a4,191,MISSING,MISSING,Pa stored; MPa displayed,dimensionless,mD displayed; m2 in solver,"K: common positive log limits; p: global extrema after approved runs; S: [0,1]",missing_matched_forward; no new run submitted
59,71,1,36c3da461ef9b41985bc7f84c470a80456e6f8a84b41a72f4a9e57d557b8e87e,data/diagnostics/zero_pressure_2026-09-09/inputs/member_059.bin,False,False,480,"docs/injection_rate_arrays.md, Step 1 Case 2","[0.0001, 0.00914, 0.01818, 0.02722, 0.03626, 0.0453]",data/DT_control/exp_name=step1/POF__HARD__eps=0.01__tau=0.05__w=voltime__mode=relative__cvarhinge__kp=50.0__kc=50.0/sample=59/final.jld2,2a2299081766188d5ebe4e31d8d12c06c30c8abc,False,0.16624772727272727,2083,0.47295328242091444,198,6b71a6083011eaeaaf1098be83b410830cac7a493fc04c8332c39722bff0cebb,not available in final.jld2,8e8b73991720afddc6c93f12f3cf95be35085d4275972b36917b0a4d26cb6ea7,693eedb0364b5dc535271a51d23118253615144bc41fa8bd0fcfb88131e1a8a4,191,MISSING,MISSING,Pa stored; MPa displayed,dimensionless,mD displayed; m2 in solver,"K: common positive log limits; p: global extrema after approved runs; S: [0,1]",missing_matched_forward; no new run submitted
60,555,1,2bff87ce2b67e72dd569626d018fe81c1526e9f5bbea474ac7c19d23f58fdefc,data/diagnostics/zero_pressure_2026-09-09/inputs/member_060.bin,False,False,480,"docs/injection_rate_arrays.md, Step 1 Case 2","[0.0001, 0.00914, 0.01818, 0.02722, 0.03626, 0.0453]",data/DT_control/exp_name=step1/POF__HARD__eps=0.01__tau=0.05__w=voltime__mode=relative__cvarhinge__kp=50.0__kc=50.0/sample=60/final.jld2,2a2299081766188d5ebe4e31d8d12c06c30c8abc,False,0.14494090909090912,2084,0.4051855074142158,197,6e7fa0fe76127b31cc37a1210e7ec10526213ebfd5b5692b6fad5d013d7c6584,not available in final.jld2,8e8b73991720afddc6c93f12f3cf95be35085d4275972b36917b0a4d26cb6ea7,693eedb0364b5dc535271a51d23118253615144bc41fa8bd0fcfb88131e1a8a4,191,MISSING,MISSING,Pa stored; MPa displayed,dimensionless,mD displayed; m2 in solver,"K: common positive log limits; p: global extrema after approved runs; S: [0,1]",missing_matched_forward; no new run submitted
61,1009,1,55b98933228cd8a3fb17efe39852c51e8fcdda0ac63c6d13dfb5c09f436350e1,data/diagnostics/zero_pressure_2026-09-09/inputs/member_061.bin,False,False,480,"docs/injection_rate_arrays.md, Step 1 Case 2","[0.0001, 0.00914, 0.01818, 0.02722, 0.03626, 0.0453]",data/DT_control/exp_name=step1/POF__HARD__eps=0.01__tau=0.05__w=voltime__mode=relative__cvarhinge__kp=50.0__kc=50.0/sample=61/final.jld2,2a2299081766188d5ebe4e31d8d12c06c30c8abc,False,0.1058784090909091,2085,0.5842296484912803,198,cbb41522a9c240060ef4d1559203c57b3fa779fb90aec6b5475b7746e0323a49,not available in final.jld2,8e8b73991720afddc6c93f12f3cf95be35085d4275972b36917b0a4d26cb6ea7,693eedb0364b5dc535271a51d23118253615144bc41fa8bd0fcfb88131e1a8a4,191,MISSING,MISSING,Pa stored; MPa displayed,dimensionless,mD displayed; m2 in solver,"K: common positive log limits; p: global extrema after approved runs; S: [0,1]",missing_matched_forward; no new run submitted
62,734,2,aea40f44d60ea33ad3d988fe8fbd43a01f8d66b495f01dc72951462733d35696,data/diagnostics/zero_pressure_2026-09-09/inputs/member_062.bin,True,True,480,"docs/injection_rate_arrays.md, Step 1 Case 2","[0.0001, 0.00914, 0.01818, 0.02722, 0.03626, 0.0453]",data/DT_control/exp_name=step1/POF__HARD__eps=0.01__tau=0.05__w=voltime__mode=relative__cvarhinge__kp=50.0__kc=50.0/sample=62/final.jld2,2a2299081766188d5ebe4e31d8d12c06c30c8abc,False,0.05583295454545456,2086,0.40491133115755673,192,cebd718d96564cf7924ebb9b09c86ef48287f6cd107458d479ae115fbe29e7fb,not available in final.jld2,8e8b73991720afddc6c93f12f3cf95be35085d4275972b36917b0a4d26cb6ea7,693eedb0364b5dc535271a51d23118253615144bc41fa8bd0fcfb88131e1a8a4,191,MISSING,MISSING,Pa stored; MPa displayed,dimensionless,mD displayed; m2 in solver,"K: common positive log limits; p: global extrema after approved runs; S: [0,1]",missing_matched_forward; no new run submitted
63,507,1,962a154fea37439fa44b2f550a4b7c9659591463c56343b98aaadb94ba7aed4e,data/diagnostics/zero_pressure_2026-09-09/inputs/member_063.bin,False,False,480,"docs/injection_rate_arrays.md, Step 1 Case 2","[0.0001, 0.00914, 0.01818, 0.02722, 0.03626, 0.0453]",data/DT_control/exp_name=step1/POF__HARD__eps=0.01__tau=0.05__w=voltime__mode=relative__cvarhinge__kp=50.0__kc=50.0/sample=63/final.jld2,2a2299081766188d5ebe4e31d8d12c06c30c8abc,False,0.1137796875,2087,0.5332744310921497,191,e33d54bd9b829d206d2c51b349d42493169a423b3085912a70fd2250878de50f,not available in final.jld2,8e8b73991720afddc6c93f12f3cf95be35085d4275972b36917b0a4d26cb6ea7,693eedb0364b5dc535271a51d23118253615144bc41fa8bd0fcfb88131e1a8a4,191,MISSING,MISSING,Pa stored; MPa displayed,dimensionless,mD displayed; m2 in solver,"K: common positive log limits; p: global extrema after approved runs; S: [0,1]",missing_matched_forward; no new run submitted
64,180,1,54e7b5ef2e986f300540620d918114873f0277d9fa1a436391955a33b0d4206c,data/diagnostics/zero_pressure_2026-09-09/inputs/member_064.bin,False,False,480,"docs/injection_rate_arrays.md, Step 1 Case 2","[0.0001, 0.00914, 0.01818, 0.02722, 0.03626, 0.0453]",data/DT_control/exp_name=step1/POF__HARD__eps=0.01__tau=0.05__w=voltime__mode=relative__cvarhinge__kp=50.0__kc=50.0/sample=64/final.jld2,2a2299081766188d5ebe4e31d8d12c06c30c8abc,False,0.36937272727272724,2088,0.4609234242230331,200,162d2d7332f19e2024aafb0ff19636031a127da2f45c315c1403070b8ecb03f7,not available in final.jld2,8e8b73991720afddc6c93f12f3cf95be35085d4275972b36917b0a4d26cb6ea7,693eedb0364b5dc535271a51d23118253615144bc41fa8bd0fcfb88131e1a8a4,191,MISSING,MISSING,Pa stored; MPa displayed,dimensionless,mD displayed; m2 in solver,"K: common positive log limits; p: global extrema after approved runs; S: [0,1]",missing_matched_forward; no new run submitted
65,1786,1,9402dce15eda93201bdd091930024aafbab8c8074fd3f1fdb30bfd7a8d1857e3,data/diagnostics/zero_pressure_2026-09-09/inputs/member_065.bin,False,False,480,"docs/injection_rate_arrays.md, Step 1 Case 2","[0.0001, 0.00914, 0.01818, 0.02722, 0.03626, 0.0453]",data/DT_control/exp_name=step1/POF__HARD__eps=0.01__tau=0.05__w=voltime__mode=relative__cvarhinge__kp=50.0__kc=50.0/sample=65/final.jld2,42030bc3f551244e660c9288ecc58d6cbdea7516,False,0.09451477272727274,2089,0.5597243730642042,191,32aa9e56f88b25e99b1f3f5ef46449c1a1965325809684e849040df9eed34f79,not available in final.jld2,8e8b73991720afddc6c93f12f3cf95be35085d4275972b36917b0a4d26cb6ea7,693eedb0364b5dc535271a51d23118253615144bc41fa8bd0fcfb88131e1a8a4,191,MISSING,MISSING,Pa stored; MPa displayed,dimensionless,mD displayed; m2 in solver,"K: common positive log limits; p: global extrema after approved runs; S: [0,1]",missing_matched_forward; no new run submitted
66,949,1,92d6ebdbfbe5a1d56e4f4b16ca1ea9334ca9a07256a0a56f766029b21347602d,data/diagnostics/zero_pressure_2026-09-09/inputs/member_066.bin,False,False,480,"docs/injection_rate_arrays.md, Step 1 Case 2","[0.0001, 0.00914, 0.01818, 0.02722, 0.03626, 0.0453]",data/DT_control/exp_name=step1/POF__HARD__eps=0.01__tau=0.05__w=voltime__mode=relative__cvarhinge__kp=50.0__kc=50.0/sample=66/final.jld2,42030bc3f551244e660c9288ecc58d6cbdea7516,False,0.06143238636363639,2090,0.3137389220584168,193,3c7733c2fd99a87c273cb71661d1551b3f004e50ce949cd8786f7d75134f0021,not available in final.jld2,8e8b73991720afddc6c93f12f3cf95be35085d4275972b36917b0a4d26cb6ea7,693eedb0364b5dc535271a51d23118253615144bc41fa8bd0fcfb88131e1a8a4,191,MISSING,MISSING,Pa stored; MPa displayed,dimensionless,mD displayed; m2 in solver,"K: common positive log limits; p: global extrema after approved runs; S: [0,1]",missing_matched_forward; no new run submitted
67,130,1,231c7d5700166885db3ad9d381a3b398c7c44b8da147ebd3eb6c9cd578654f4c,data/diagnostics/zero_pressure_2026-09-09/inputs/member_067.bin,True,False,480,"docs/injection_rate_arrays.md, Step 1 Case 2","[0.0001, 0.00914, 0.01818, 0.02722, 0.03626, 0.0453]",data/DT_control/exp_name=step1/POF__HARD__eps=0.01__tau=0.05__w=voltime__mode=relative__cvarhinge__kp=50.0__kc=50.0/sample=67/final.jld2,42030bc3f551244e660c9288ecc58d6cbdea7516,False,0.13642927911931818,2091,0.5024297585138604,193,9a0b751d778e8bde5e6ee85421c89fbffb320c3507d13f80d13a8fff4387f872,not available in final.jld2,8e8b73991720afddc6c93f12f3cf95be35085d4275972b36917b0a4d26cb6ea7,693eedb0364b5dc535271a51d23118253615144bc41fa8bd0fcfb88131e1a8a4,191,MISSING,MISSING,Pa stored; MPa displayed,dimensionless,mD displayed; m2 in solver,"K: common positive log limits; p: global extrema after approved runs; S: [0,1]",missing_matched_forward; no new run submitted
68,1466,1,a73ec54a5b25d6949864047e0b2c0346e6ef72576ea0bad17af4a1dff57df889,data/diagnostics/zero_pressure_2026-09-09/inputs/member_068.bin,False,False,480,"docs/injection_rate_arrays.md, Step 1 Case 2","[0.0001, 0.00914, 0.01818, 0.02722, 0.03626, 0.0453]",data/DT_control/exp_name=step1/POF__HARD__eps=0.01__tau=0.05__w=voltime__mode=relative__cvarhinge__kp=50.0__kc=50.0/sample=68/final.jld2,42030bc3f551244e660c9288ecc58d6cbdea7516,False,0.0941596590909091,2092,0.4902885707322877,192,1dcfa115ce2bfaff701df02ccac1ca119175dedfc6d29cdd528ad7ddab1b0520,not available in final.jld2,8e8b73991720afddc6c93f12f3cf95be35085d4275972b36917b0a4d26cb6ea7,693eedb0364b5dc535271a51d23118253615144bc41fa8bd0fcfb88131e1a8a4,191,MISSING,MISSING,Pa stored; MPa displayed,dimensionless,mD displayed; m2 in solver,"K: common positive log limits; p: global extrema after approved runs; S: [0,1]",missing_matched_forward; no new run submitted
69,734,2,aea40f44d60ea33ad3d988fe8fbd43a01f8d66b495f01dc72951462733d35696,data/diagnostics/zero_pressure_2026-09-09/inputs/member_069.bin,False,False,480,"docs/injection_rate_arrays.md, Step 1 Case 2","[0.0001, 0.00914, 0.01818, 0.02722, 0.03626, 0.0453]",data/DT_control/exp_name=step1/POF__HARD__eps=0.01__tau=0.05__w=voltime__mode=relative__cvarhinge__kp=50.0__kc=50.0/sample=69/final.jld2,42030bc3f551244e660c9288ecc58d6cbdea7516,False,0.05583295454545456,2093,0.569012879867002,192,d2dd5a75263c2b00698f6e912e671677f00dd676cca981e6525cb7da73ff748d,not available in final.jld2,8e8b73991720afddc6c93f12f3cf95be35085d4275972b36917b0a4d26cb6ea7,693eedb0364b5dc535271a51d23118253615144bc41fa8bd0fcfb88131e1a8a4,191,MISSING,MISSING,Pa stored; MPa displayed,dimensionless,mD displayed; m2 in solver,"K: common positive log limits; p: global extrema after approved runs; S: [0,1]",missing_matched_forward; no new run submitted
70,1220,1,96d126c9b6e9289f7b77593ffac4908aaaa104efde3ae6bd9afdb5c437adf350,data/diagnostics/zero_pressure_2026-09-09/inputs/member_070.bin,False,False,480,"docs/injection_rate_arrays.md, Step 1 Case 2","[0.0001, 0.00914, 0.01818, 0.02722, 0.03626, 0.0453]",data/DT_control/exp_name=step1/POF__HARD__eps=0.01__tau=0.05__w=voltime__mode=relative__cvarhinge__kp=50.0__kc=50.0/sample=70/final.jld2,42030bc3f551244e660c9288ecc58d6cbdea7516,False,0.07704318181818183,2094,0.26376381230032775,195,95a3a32aded4805fa68db77b18a3fe5a6d565f88996da9bdd326516e72bcc351,not available in final.jld2,8e8b73991720afddc6c93f12f3cf95be35085d4275972b36917b0a4d26cb6ea7,693eedb0364b5dc535271a51d23118253615144bc41fa8bd0fcfb88131e1a8a4,191,MISSING,MISSING,Pa stored; MPa displayed,dimensionless,mD displayed; m2 in solver,"K: common positive log limits; p: global extrema after approved runs; S: [0,1]",missing_matched_forward; no new run submitted
71,177,1,e4d25fb30da9784a912bc002103949ff38c68a6be9a5cd55227f6a5cc0c09268,data/diagnostics/zero_pressure_2026-09-09/inputs/member_071.bin,True,False,480,"docs/injection_rate_arrays.md, Step 1 Case 2","[0.0001, 0.00914, 0.01818, 0.02722, 0.03626, 0.0453]",data/DT_control/exp_name=step1/POF__HARD__eps=0.01__tau=0.05__w=voltime__mode=relative__cvarhinge__kp=50.0__kc=50.0/sample=71/final.jld2,42030bc3f551244e660c9288ecc58d6cbdea7516,False,0.07349204545454548,2095,0.7851692380200779,197,58159355c3077b96cf1a63e078f55a5012424bdb77fdc9301a25f95e93e21015,not available in final.jld2,8e8b73991720afddc6c93f12f3cf95be35085d4275972b36917b0a4d26cb6ea7,693eedb0364b5dc535271a51d23118253615144bc41fa8bd0fcfb88131e1a8a4,191,MISSING,MISSING,Pa stored; MPa displayed,dimensionless,mD displayed; m2 in solver,"K: common positive log limits; p: global extrema after approved runs; S: [0,1]",missing_matched_forward; no new run submitted
72,1011,2,519f57199ea773354767ffc741c62f647cf3ff1e9c9a69865b81f844fc6eb165,data/diagnostics/zero_pressure_2026-09-09/inputs/member_072.bin,False,False,480,"docs/injection_rate_arrays.md, Step 1 Case 2","[0.0001, 0.00914, 0.01818, 0.02722, 0.03626, 0.0453]",data/DT_control/exp_name=step1/POF__HARD__eps=0.01__tau=0.05__w=voltime__mode=relative__cvarhinge__kp=50.0__kc=50.0/sample=72/final.jld2,42030bc3f551244e660c9288ecc58d6cbdea7516,False,0.15985568181818183,2096,0.7342333213396557,191,19d3e8fc286f2c387b9598960a1112bad6bdec678618fa16f60e29522d03a5a8,not available in final.jld2,8e8b73991720afddc6c93f12f3cf95be35085d4275972b36917b0a4d26cb6ea7,693eedb0364b5dc535271a51d23118253615144bc41fa8bd0fcfb88131e1a8a4,191,MISSING,MISSING,Pa stored; MPa displayed,dimensionless,mD displayed; m2 in solver,"K: common positive log limits; p: global extrema after approved runs; S: [0,1]",missing_matched_forward; no new run submitted
73,448,1,2b51d2e4a754da7b71d33ca5b8c57bee798dad350fbccd4d1380406f63d28cf9,data/diagnostics/zero_pressure_2026-09-09/inputs/member_073.bin,False,False,480,"docs/injection_rate_arrays.md, Step 1 Case 2","[0.0001, 0.00914, 0.01818, 0.02722, 0.03626, 0.0453]",data/DT_control/exp_name=step1/POF__HARD__eps=0.01__tau=0.05__w=voltime__mode=relative__cvarhinge__kp=50.0__kc=50.0/sample=73/final.jld2,42030bc3f551244e660c9288ecc58d6cbdea7516,False,0.06817954545454548,2097,0.4074536867502694,191,fdbba6e3a7e5d40a66a511569df79c020ae5ecec3782832a136d009e87e93c3b,not available in final.jld2,8e8b73991720afddc6c93f12f3cf95be35085d4275972b36917b0a4d26cb6ea7,693eedb0364b5dc535271a51d23118253615144bc41fa8bd0fcfb88131e1a8a4,191,MISSING,MISSING,Pa stored; MPa displayed,dimensionless,mD displayed; m2 in solver,"K: common positive log limits; p: global extrema after approved runs; S: [0,1]",missing_matched_forward; no new run submitted
74,311,1,f7d5c1adaf62b8f6880d7cad489b65d09fdb5e6e4cdbc3a65eb22a06caed420d,data/diagnostics/zero_pressure_2026-09-09/inputs/member_074.bin,False,False,480,"docs/injection_rate_arrays.md, Step 1 Case 2","[0.0001, 0.00914, 0.01818, 0.02722, 0.03626, 0.0453]",data/DT_control/exp_name=step1/POF__HARD__eps=0.01__tau=0.05__w=voltime__mode=relative__cvarhinge__kp=50.0__kc=50.0/sample=74/final.jld2,42030bc3f551244e660c9288ecc58d6cbdea7516,False,0.17335000000000003,2098,0.6873085895049955,196,26cd0c2196d80944d183292bc6b18963f873150d800993bac38cfce8a097840d,not available in final.jld2,8e8b73991720afddc6c93f12f3cf95be35085d4275972b36917b0a4d26cb6ea7,693eedb0364b5dc535271a51d23118253615144bc41fa8bd0fcfb88131e1a8a4,191,MISSING,MISSING,Pa stored; MPa displayed,dimensionless,mD displayed; m2 in solver,"K: common positive log limits; p: global extrema after approved runs; S: [0,1]",missing_matched_forward; no new run submitted
75,1668,1,1da61f791c5423216140a415081bc17b9aacd64c0b62ab06583feb5711758314,data/diagnostics/zero_pressure_2026-09-09/inputs/member_075.bin,True,False,480,"docs/injection_rate_arrays.md, Step 1 Case 2","[0.0001, 0.00914, 0.01818, 0.02722, 0.03626, 0.0453]",data/DT_control/exp_name=step1/POF__HARD__eps=0.01__tau=0.05__w=voltime__mode=relative__cvarhinge__kp=50.0__kc=50.0/sample=75/final.jld2,42030bc3f551244e660c9288ecc58d6cbdea7516,False,0.15630454545454547,2099,0.26749388353869463,200,b25c6580a05e15215cf0756b67957b3e3dbed9a3dc8aeb8864a262c0e1b37f94,not available in final.jld2,8e8b73991720afddc6c93f12f3cf95be35085d4275972b36917b0a4d26cb6ea7,693eedb0364b5dc535271a51d23118253615144bc41fa8bd0fcfb88131e1a8a4,191,MISSING,MISSING,Pa stored; MPa displayed,dimensionless,mD displayed; m2 in solver,"K: common positive log limits; p: global extrema after approved runs; S: [0,1]",missing_matched_forward; no new run submitted
76,171,1,6e9e79ac06640a8ecb7ca7b94382927d930a0d20fee30f786f8e65b33831c851,data/diagnostics/zero_pressure_2026-09-09/inputs/member_076.bin,False,False,480,"docs/injection_rate_arrays.md, Step 1 Case 2","[0.0001, 0.00914, 0.01818, 0.02722, 0.03626, 0.0453]",data/DT_control/exp_name=step1/POF__HARD__eps=0.01__tau=0.05__w=voltime__mode=relative__cvarhinge__kp=50.0__kc=50.0/sample=76/final.jld2,42030bc3f551244e660c9288ecc58d6cbdea7516,False,0.3239181818181818,2100,0.31863589626351224,200,c2a196ddfbb98f86490e6ce58df6fc7405f8998b1f73262fc20babf945da4251,not available in final.jld2,8e8b73991720afddc6c93f12f3cf95be35085d4275972b36917b0a4d26cb6ea7,693eedb0364b5dc535271a51d23118253615144bc41fa8bd0fcfb88131e1a8a4,191,MISSING,MISSING,Pa stored; MPa displayed,dimensionless,mD displayed; m2 in solver,"K: common positive log limits; p: global extrema after approved runs; S: [0,1]",missing_matched_forward; no new run submitted
77,707,1,383c32f8e525e036b4f7c3230a10340fa8083dba58f346ad142ccf3e37dc1fc8,data/diagnostics/zero_pressure_2026-09-09/inputs/member_077.bin,False,False,480,"docs/injection_rate_arrays.md, Step 1 Case 2","[0.0001, 0.00914, 0.01818, 0.02722, 0.03626, 0.0453]",data/DT_control/exp_name=step1/POF__HARD__eps=0.01__tau=0.05__w=voltime__mode=relative__cvarhinge__kp=50.0__kc=50.0/sample=77/final.jld2,6bf9362fe824b09c972ce22935e85ce0eb5aee79,False,0.3097136363636364,2101,0.6464655624160044,199,ce6acbe42370f77da280132242244f18e1a66a196223d955d9d85248941493e7,not available in final.jld2,8e8b73991720afddc6c93f12f3cf95be35085d4275972b36917b0a4d26cb6ea7,693eedb0364b5dc535271a51d23118253615144bc41fa8bd0fcfb88131e1a8a4,191,MISSING,MISSING,Pa stored; MPa displayed,dimensionless,mD displayed; m2 in solver,"K: common positive log limits; p: global extrema after approved runs; S: [0,1]",missing_matched_forward; no new run submitted
78,473,1,6757dd46e43cf25f73cf1e771884a81f67661f208bc0941e10b37bc56a8fd396,data/diagnostics/zero_pressure_2026-09-09/inputs/member_078.bin,False,False,480,"docs/injection_rate_arrays.md, Step 1 Case 2","[0.0001, 0.00914, 0.01818, 0.02722, 0.03626, 0.0453]",data/DT_control/exp_name=step1/POF__HARD__eps=0.01__tau=0.05__w=voltime__mode=relative__cvarhinge__kp=50.0__kc=50.0/sample=78/final.jld2,42030bc3f551244e660c9288ecc58d6cbdea7516,False,0.06533863636363639,2102,0.57559535230535,191,2b84032622ca4e2583d50ea1dac6251c2080b72a7444c9acae89e184ad609e0e,not available in final.jld2,8e8b73991720afddc6c93f12f3cf95be35085d4275972b36917b0a4d26cb6ea7,693eedb0364b5dc535271a51d23118253615144bc41fa8bd0fcfb88131e1a8a4,191,MISSING,MISSING,Pa stored; MPa displayed,dimensionless,mD displayed; m2 in solver,"K: common positive log limits; p: global extrema after approved runs; S: [0,1]",missing_matched_forward; no new run submitted
79,1141,1,afcb00553ba0ffda3e26311050510bc9722137bf9e573da208320a4f4b53e7d2,data/diagnostics/zero_pressure_2026-09-09/inputs/member_079.bin,True,False,480,"docs/injection_rate_arrays.md, Step 1 Case 2","[0.0001, 0.00914, 0.01818, 0.02722, 0.03626, 0.0453]",data/DT_control/exp_name=step1/POF__HARD__eps=0.01__tau=0.05__w=voltime__mode=relative__cvarhinge__kp=50.0__kc=50.0/sample=79/final.jld2,42030bc3f551244e660c9288ecc58d6cbdea7516,False,0.1138684659090909,2103,0.42806794574597684,192,c2c953e8d9be6a5b5902ca6a12bfba932ec7ec1a36af75429a104e57c8fc83c0,not available in final.jld2,8e8b73991720afddc6c93f12f3cf95be35085d4275972b36917b0a4d26cb6ea7,693eedb0364b5dc535271a51d23118253615144bc41fa8bd0fcfb88131e1a8a4,191,MISSING,MISSING,Pa stored; MPa displayed,dimensionless,mD displayed; m2 in solver,"K: common positive log limits; p: global extrema after approved runs; S: [0,1]",missing_matched_forward; no new run submitted
80,261,1,01eab0499ec58e0a93c303723826a69a37d7ac246aaba6bf91fb4b9fad3cd71a,data/diagnostics/zero_pressure_2026-09-09/inputs/member_080.bin,False,False,480,"docs/injection_rate_arrays.md, Step 1 Case 2","[0.0001, 0.00914, 0.01818, 0.02722, 0.03626, 0.0453]",data/DT_control/exp_name=step1/POF__HARD__eps=0.01__tau=0.05__w=voltime__mode=relative__cvarhinge__kp=50.0__kc=50.0/sample=80/final.jld2,42030bc3f551244e660c9288ecc58d6cbdea7516,False,0.22164545454545456,2104,0.3987899726018138,200,3c8da44be7c87799198af1589ed10db84f4945c528fcb6ad733cd7a8734eccd0,not available in final.jld2,8e8b73991720afddc6c93f12f3cf95be35085d4275972b36917b0a4d26cb6ea7,693eedb0364b5dc535271a51d23118253615144bc41fa8bd0fcfb88131e1a8a4,191,MISSING,MISSING,Pa stored; MPa displayed,dimensionless,mD displayed; m2 in solver,"K: common positive log limits; p: global extrema after approved runs; S: [0,1]",missing_matched_forward; no new run submitted
81,682,1,1e4649eb915aa4ffab81490ce7c33af186f5723cf2ed84a7605643bda6fa47b2,data/diagnostics/zero_pressure_2026-09-09/inputs/member_081.bin,False,False,480,"docs/injection_rate_arrays.md, Step 1 Case 2","[0.0001, 0.00914, 0.01818, 0.02722, 0.03626, 0.0453]",data/DT_control/exp_name=step1/POF__HARD__eps=0.01__tau=0.05__w=voltime__mode=relative__cvarhinge__kp=50.0__kc=50.0/sample=81/final.jld2,6bf9362fe824b09c972ce22935e85ce0eb5aee79,False,0.12460000000000002,2105,0.24578897984190543,199,9d7b7ad2b67ec9873571589cb5ab2c32e52e9efc00a4b8e24c5af8a10a6ab9d1,not available in final.jld2,8e8b73991720afddc6c93f12f3cf95be35085d4275972b36917b0a4d26cb6ea7,693eedb0364b5dc535271a51d23118253615144bc41fa8bd0fcfb88131e1a8a4,191,MISSING,MISSING,Pa stored; MPa displayed,dimensionless,mD displayed; m2 in solver,"K: common positive log limits; p: global extrema after approved runs; S: [0,1]",missing_matched_forward; no new run submitted
82,755,1,3471ff08f6b312b1255abb1f07ed4515df7520bcaf595b0c3545b1ac92fca29d,data/diagnostics/zero_pressure_2026-09-09/inputs/member_082.bin,False,False,480,"docs/injection_rate_arrays.md, Step 1 Case 2","[0.0001, 0.00914, 0.01818, 0.02722, 0.03626, 0.0453]",data/DT_control/exp_name=step1/POF__HARD__eps=0.01__tau=0.05__w=voltime__mode=relative__cvarhinge__kp=50.0__kc=50.0/sample=82/final.jld2,6bf9362fe824b09c972ce22935e85ce0eb5aee79,False,0.21063693181818183,2106,0.7941219988571957,199,4ce5e226a954c07874a209c82758710daa4c184bfbcd0629b3a5f40c3e404c05,not available in final.jld2,8e8b73991720afddc6c93f12f3cf95be35085d4275972b36917b0a4d26cb6ea7,693eedb0364b5dc535271a51d23118253615144bc41fa8bd0fcfb88131e1a8a4,191,MISSING,MISSING,Pa stored; MPa displayed,dimensionless,mD displayed; m2 in solver,"K: common positive log limits; p: global extrema after approved runs; S: [0,1]",missing_matched_forward; no new run submitted
83,1011,2,519f57199ea773354767ffc741c62f647cf3ff1e9c9a69865b81f844fc6eb165,data/diagnostics/zero_pressure_2026-09-09/inputs/member_083.bin,True,False,480,"docs/injection_rate_arrays.md, Step 1 Case 2","[0.0001, 0.00914, 0.01818, 0.02722, 0.03626, 0.0453]",data/DT_control/exp_name=step1/POF__HARD__eps=0.01__tau=0.05__w=voltime__mode=relative__cvarhinge__kp=50.0__kc=50.0/sample=83/final.jld2,42030bc3f551244e660c9288ecc58d6cbdea7516,False,0.15985568181818183,2107,0.4646651410366014,191,a1c656d55685e11d64837e649b2818a6b34e37dc486f585bef2dfba5eb5f6fa2,not available in final.jld2,8e8b73991720afddc6c93f12f3cf95be35085d4275972b36917b0a4d26cb6ea7,693eedb0364b5dc535271a51d23118253615144bc41fa8bd0fcfb88131e1a8a4,191,MISSING,MISSING,Pa stored; MPa displayed,dimensionless,mD displayed; m2 in solver,"K: common positive log limits; p: global extrema after approved runs; S: [0,1]",missing_matched_forward; no new run submitted
84,524,1,36bf6c02a7f70d135c91e92d41f9609054e4660bebe9c7a827d112333153516e,data/diagnostics/zero_pressure_2026-09-09/inputs/member_084.bin,False,False,480,"docs/injection_rate_arrays.md, Step 1 Case 2","[0.0001, 0.00914, 0.01818, 0.02722, 0.03626, 0.0453]",data/DT_control/exp_name=step1/POF__HARD__eps=0.01__tau=0.05__w=voltime__mode=relative__cvarhinge__kp=50.0__kc=50.0/sample=84/final.jld2,42030bc3f551244e660c9288ecc58d6cbdea7516,False,0.25573636363636365,2108,0.3992917473192451,192,a1d3d4089872c66717490aad464f27dc96e762f43a90f7e03862807096f172d1,not available in final.jld2,8e8b73991720afddc6c93f12f3cf95be35085d4275972b36917b0a4d26cb6ea7,693eedb0364b5dc535271a51d23118253615144bc41fa8bd0fcfb88131e1a8a4,191,MISSING,MISSING,Pa stored; MPa displayed,dimensionless,mD displayed; m2 in solver,"K: common positive log limits; p: global extrema after approved runs; S: [0,1]",missing_matched_forward; no new run submitted
85,1485,1,c4812ac67f937201a2a0024830610b11cdd70f09da135bc832c919459d10f42f,data/diagnostics/zero_pressure_2026-09-09/inputs/member_085.bin,False,False,480,"docs/injection_rate_arrays.md, Step 1 Case 2","[0.0001, 0.00914, 0.01818, 0.02722, 0.03626, 0.0453]",data/DT_control/exp_name=step1/POF__HARD__eps=0.01__tau=0.05__w=voltime__mode=relative__cvarhinge__kp=50.0__kc=50.0/sample=85/final.jld2,42030bc3f551244e660c9288ecc58d6cbdea7516,False,0.1506227272727273,2109,0.6908561715821941,191,6911cdb63380712cf85b2648b161546c8b6f468c70c009be4ec4ad12666089f1,not available in final.jld2,8e8b73991720afddc6c93f12f3cf95be35085d4275972b36917b0a4d26cb6ea7,693eedb0364b5dc535271a51d23118253615144bc41fa8bd0fcfb88131e1a8a4,191,MISSING,MISSING,Pa stored; MPa displayed,dimensionless,mD displayed; m2 in solver,"K: common positive log limits; p: global extrema after approved runs; S: [0,1]",missing_matched_forward; no new run submitted
86,409,1,7cfdb3bb7da011cd934c7ef50eda0b55c7b26babba6489cc7510b93ab2d94696,data/diagnostics/zero_pressure_2026-09-09/inputs/member_086.bin,False,False,480,"docs/injection_rate_arrays.md, Step 1 Case 2","[0.0001, 0.00914, 0.01818, 0.02722, 0.03626, 0.0453]",data/DT_control/exp_name=step1/POF__HARD__eps=0.01__tau=0.05__w=voltime__mode=relative__cvarhinge__kp=50.0__kc=50.0/sample=86/final.jld2,42030bc3f551244e660c9288ecc58d6cbdea7516,False,0.21099204545454545,2110,0.7352925651487345,199,f36716979a5b51258472bf0d8a9ec447ecd885cbbd4c7060343e61f53832893d,not available in final.jld2,8e8b73991720afddc6c93f12f3cf95be35085d4275972b36917b0a4d26cb6ea7,693eedb0364b5dc535271a51d23118253615144bc41fa8bd0fcfb88131e1a8a4,191,MISSING,MISSING,Pa stored; MPa displayed,dimensionless,mD displayed; m2 in solver,"K: common positive log limits; p: global extrema after approved runs; S: [0,1]",missing_matched_forward; no new run submitted
87,1949,1,08c6c6939520144a840089f494cb5d5f4224cd82dca161e070a0ce403052ee83,data/diagnostics/zero_pressure_2026-09-09/inputs/member_087.bin,True,False,480,"docs/injection_rate_arrays.md, Step 1 Case 2","[0.0001, 0.00914, 0.01818, 0.02722, 0.03626, 0.0453]",data/DT_control/exp_name=step1/POF__HARD__eps=0.01__tau=0.05__w=voltime__mode=relative__cvarhinge__kp=50.0__kc=50.0/sample=87/final.jld2,42030bc3f551244e660c9288ecc58d6cbdea7516,False,0.12079318181818183,2111,0.5672484139906603,191,bb2e17198fc0f0291666043c82c408c4c916caf9dcad37d54541a6b23c396f15,not available in final.jld2,8e8b73991720afddc6c93f12f3cf95be35085d4275972b36917b0a4d26cb6ea7,693eedb0364b5dc535271a51d23118253615144bc41fa8bd0fcfb88131e1a8a4,191,MISSING,MISSING,Pa stored; MPa displayed,dimensionless,mD displayed; m2 in solver,"K: common positive log limits; p: global extrema after approved runs; S: [0,1]",missing_matched_forward; no new run submitted
88,1234,1,132661a1bdcc9e755113a7a4f3d83fe01430e6cb1210ca7a94aaf320df8ed8bd,data/diagnostics/zero_pressure_2026-09-09/inputs/member_088.bin,False,False,480,"docs/injection_rate_arrays.md, Step 1 Case 2","[0.0001, 0.00914, 0.01818, 0.02722, 0.03626, 0.0453]",data/DT_control/exp_name=step1/POF__HARD__eps=0.01__tau=0.05__w=voltime__mode=relative__cvarhinge__kp=50.0__kc=50.0/sample=88/final.jld2,42030bc3f551244e660c9288ecc58d6cbdea7516,False,0.09735568181818183,2112,0.7259268600922748,193,0422e3c5e59144111c10e08efc167e887d53816bed7702bef4eb79658069d77d,not available in final.jld2,8e8b73991720afddc6c93f12f3cf95be35085d4275972b36917b0a4d26cb6ea7,693eedb0364b5dc535271a51d23118253615144bc41fa8bd0fcfb88131e1a8a4,191,MISSING,MISSING,Pa stored; MPa displayed,dimensionless,mD displayed; m2 in solver,"K: common positive log limits; p: global extrema after approved runs; S: [0,1]",missing_matched_forward; no new run submitted
89,43,1,7d1a34e61f08666513d85d10d9eca2557e89e4d0aa421ef1e50c9d1aa71e13dc,data/diagnostics/zero_pressure_2026-09-09/inputs/member_089.bin,False,False,480,"docs/injection_rate_arrays.md, Step 1 Case 2","[0.0001, 0.00914, 0.01818, 0.02722, 0.03626, 0.0453]",data/DT_control/exp_name=step1/POF__HARD__eps=0.01__tau=0.05__w=voltime__mode=relative__cvarhinge__kp=50.0__kc=50.0/sample=89/final.jld2,42030bc3f551244e660c9288ecc58d6cbdea7516,False,0.08485568181818183,2113,0.22705387383434367,191,e0e9f4b6e0c13cd4de08b2fa8f2ec1c530accef7c0a5d8c0be35e412708c6570,not available in final.jld2,8e8b73991720afddc6c93f12f3cf95be35085d4275972b36917b0a4d26cb6ea7,693eedb0364b5dc535271a51d23118253615144bc41fa8bd0fcfb88131e1a8a4,191,MISSING,MISSING,Pa stored; MPa displayed,dimensionless,mD displayed; m2 in solver,"K: common positive log limits; p: global extrema after approved runs; S: [0,1]",missing_matched_forward; no new run submitted
90,1487,1,ce0dd1621a86ec1dc4a19de8c3a71cfe9962929e7696fce05d34bcb904802a89,data/diagnostics/zero_pressure_2026-09-09/inputs/member_090.bin,False,False,480,"docs/injection_rate_arrays.md, Step 1 Case 2","[0.0001, 0.00914, 0.01818, 0.02722, 0.03626, 0.0453]",data/DT_control/exp_name=step1/POF__HARD__eps=0.01__tau=0.05__w=voltime__mode=relative__cvarhinge__kp=50.0__kc=50.0/sample=90/final.jld2,42030bc3f551244e660c9288ecc58d6cbdea7516,False,0.08201477272727276,2114,0.7115399648577883,193,29d3df6757fa7f76058753e35465c673c19dcff4ecdaea2257c4bda9540f63d6,not available in final.jld2,8e8b73991720afddc6c93f12f3cf95be35085d4275972b36917b0a4d26cb6ea7,693eedb0364b5dc535271a51d23118253615144bc41fa8bd0fcfb88131e1a8a4,191,MISSING,MISSING,Pa stored; MPa displayed,dimensionless,mD displayed; m2 in solver,"K: common positive log limits; p: global extrema after approved runs; S: [0,1]",missing_matched_forward; no new run submitted
91,1787,1,77ea4ce2e666d95f1fe4f78d6a1f7dae724bb95cfe4a7d81132f9d71e7192d68,data/diagnostics/zero_pressure_2026-09-09/inputs/member_091.bin,True,False,480,"docs/injection_rate_arrays.md, Step 1 Case 2","[0.0001, 0.00914, 0.01818, 0.02722, 0.03626, 0.0453]",data/DT_control/exp_name=step1/POF__HARD__eps=0.01__tau=0.05__w=voltime__mode=relative__cvarhinge__kp=50.0__kc=50.0/sample=91/final.jld2,42030bc3f551244e660c9288ecc58d6cbdea7516,False,0.10942954545454546,2115,0.3405955917160637,194,4ba4646aba536d10427e36478236f5623152e8ff05a75db89a02f557c117c602,not available in final.jld2,8e8b73991720afddc6c93f12f3cf95be35085d4275972b36917b0a4d26cb6ea7,693eedb0364b5dc535271a51d23118253615144bc41fa8bd0fcfb88131e1a8a4,191,MISSING,MISSING,Pa stored; MPa displayed,dimensionless,mD displayed; m2 in solver,"K: common positive log limits; p: global extrema after approved runs; S: [0,1]",missing_matched_forward; no new run submitted
92,277,1,439b4c80e8d667b48557d85ec43f28fae98f3fce661138ae14af8626d7563daf,data/diagnostics/zero_pressure_2026-09-09/inputs/member_092.bin,False,False,480,"docs/injection_rate_arrays.md, Step 1 Case 2","[0.0001, 0.00914, 0.01818, 0.02722, 0.03626, 0.0453]",data/DT_control/exp_name=step1/POF__HARD__eps=0.01__tau=0.05__w=voltime__mode=relative__cvarhinge__kp=50.0__kc=50.0/sample=92/final.jld2,42030bc3f551244e660c9288ecc58d6cbdea7516,False,0.095225,2116,0.6900326245940978,191,9bd843133e4edb04de8624e06aade0813fc5a94610d70caf88d4194a4f57b59e,not available in final.jld2,8e8b73991720afddc6c93f12f3cf95be35085d4275972b36917b0a4d26cb6ea7,693eedb0364b5dc535271a51d23118253615144bc41fa8bd0fcfb88131e1a8a4,191,MISSING,MISSING,Pa stored; MPa displayed,dimensionless,mD displayed; m2 in solver,"K: common positive log limits; p: global extrema after approved runs; S: [0,1]",missing_matched_forward; no new run submitted
93,933,1,9a368b6ea4adb4bb859ee796894c73a9a63b13ec24f9da14851651dfc3e06de5,data/diagnostics/zero_pressure_2026-09-09/inputs/member_093.bin,False,False,480,"docs/injection_rate_arrays.md, Step 1 Case 2","[0.0001, 0.00914, 0.01818, 0.02722, 0.03626, 0.0453]",data/DT_control/exp_name=step1/POF__HARD__eps=0.01__tau=0.05__w=voltime__mode=relative__cvarhinge__kp=50.0__kc=50.0/sample=93/final.jld2,42030bc3f551244e660c9288ecc58d6cbdea7516,False,0.0814821022727273,2117,0.7525157728472796,193,6850d72ad493898cb837462bc312e56923346a4597525924aa0fdf9a6d2756e6,not available in final.jld2,8e8b73991720afddc6c93f12f3cf95be35085d4275972b36917b0a4d26cb6ea7,693eedb0364b5dc535271a51d23118253615144bc41fa8bd0fcfb88131e1a8a4,191,MISSING,MISSING,Pa stored; MPa displayed,dimensionless,mD displayed; m2 in solver,"K: common positive log limits; p: global extrema after approved runs; S: [0,1]",missing_matched_forward; no new run submitted
94,538,1,9fdd2d8793c86c7279876af079da732be30ac810c5bdb26a6d2fa26b0ddf1c83,data/diagnostics/zero_pressure_2026-09-09/inputs/member_094.bin,False,False,480,"docs/injection_rate_arrays.md, Step 1 Case 2","[0.0001, 0.00914, 0.01818, 0.02722, 0.03626, 0.0453]",data/DT_control/exp_name=step1/POF__HARD__eps=0.01__tau=0.05__w=voltime__mode=relative__cvarhinge__kp=50.0__kc=50.0/sample=94/final.jld2,42030bc3f551244e660c9288ecc58d6cbdea7516,False,0.1335772727272727,2118,0.7269242556753361,195,e7f7108124cb209ac1abfc384625187c97ceb2cc21056033d9fe9a0196284d29,not available in final.jld2,8e8b73991720afddc6c93f12f3cf95be35085d4275972b36917b0a4d26cb6ea7,693eedb0364b5dc535271a51d23118253615144bc41fa8bd0fcfb88131e1a8a4,191,MISSING,MISSING,Pa stored; MPa displayed,dimensionless,mD displayed; m2 in solver,"K: common positive log limits; p: global extrema after approved runs; S: [0,1]",missing_matched_forward; no new run submitted
95,484,1,fd21e9a7f930ce164ba53a4102a1d1730400a5599b61e3cefd97ccf4e9142677,data/diagnostics/zero_pressure_2026-09-09/inputs/member_095.bin,True,False,480,"docs/injection_rate_arrays.md, Step 1 Case 2","[0.0001, 0.00914, 0.01818, 0.02722, 0.03626, 0.0453]",data/DT_control/exp_name=step1/POF__HARD__eps=0.01__tau=0.05__w=voltime__mode=relative__cvarhinge__kp=50.0__kc=50.0/sample=95/final.jld2,42030bc3f551244e660c9288ecc58d6cbdea7516,False,0.05583295454545456,2119,0.48667152912602074,191,88413021831b6ed9a912023baa392f64a1187718e9f606f44f021b8cf300876e,not available in final.jld2,8e8b73991720afddc6c93f12f3cf95be35085d4275972b36917b0a4d26cb6ea7,693eedb0364b5dc535271a51d23118253615144bc41fa8bd0fcfb88131e1a8a4,191,MISSING,MISSING,Pa stored; MPa displayed,dimensionless,mD displayed; m2 in solver,"K: common positive log limits; p: global extrema after approved runs; S: [0,1]",missing_matched_forward; no new run submitted
96,1527,1,46c849b32773f2dbda34aeea3f76d5c128949819b16cbeb2ed336d939f8426a6,data/diagnostics/zero_pressure_2026-09-09/inputs/member_096.bin,False,False,480,"docs/injection_rate_arrays.md, Step 1 Case 2","[0.0001, 0.00914, 0.01818, 0.02722, 0.03626, 0.0453]",data/DT_control/exp_name=step1/POF__HARD__eps=0.01__tau=0.05__w=voltime__mode=relative__cvarhinge__kp=50.0__kc=50.0/sample=96/final.jld2,42030bc3f551244e660c9288ecc58d6cbdea7516,False,0.11511136363636365,2120,0.6424777349460318,195,9173c2c9b66db704519882bfd0bbeebef32570ecf648e336df00ced8b57243de,not available in final.jld2,8e8b73991720afddc6c93f12f3cf95be35085d4275972b36917b0a4d26cb6ea7,693eedb0364b5dc535271a51d23118253615144bc41fa8bd0fcfb88131e1a8a4,191,MISSING,MISSING,Pa stored; MPa displayed,dimensionless,mD displayed; m2 in solver,"K: common positive log limits; p: global extrema after approved runs; S: [0,1]",missing_matched_forward; no new run submitted
97,1724,1,9bb71a06c9124a9a165c7393e9340179ef3f32fe4542eca52b2c3b20dfb2549b,data/diagnostics/zero_pressure_2026-09-09/inputs/member_097.bin,False,False,480,"docs/injection_rate_arrays.md, Step 1 Case 2","[0.0001, 0.00914, 0.01818, 0.02722, 0.03626, 0.0453]",data/DT_control/exp_name=step1/POF__HARD__eps=0.01__tau=0.05__w=voltime__mode=relative__cvarhinge__kp=50.0__kc=50.0/sample=97/final.jld2,42030bc3f551244e660c9288ecc58d6cbdea7516,False,0.062497727272727295,2121,0.41032209188536317,193,4e0045ec0e1f22d274dcd644faeb3cc5c1e04a561556da4379bdba9e4ff566ae,not available in final.jld2,8e8b73991720afddc6c93f12f3cf95be35085d4275972b36917b0a4d26cb6ea7,693eedb0364b5dc535271a51d23118253615144bc41fa8bd0fcfb88131e1a8a4,191,MISSING,MISSING,Pa stored; MPa displayed,dimensionless,mD displayed; m2 in solver,"K: common positive log limits; p: global extrema after approved runs; S: [0,1]",missing_matched_forward; no new run submitted
98,604,1,1cddcb6925653bb6ef23928e7e6436845f4f36134a042c99b20b7ae9bb21ef7a,data/diagnostics/zero_pressure_2026-09-09/inputs/member_098.bin,False,False,480,"docs/injection_rate_arrays.md, Step 1 Case 2","[0.0001, 0.00914, 0.01818, 0.02722, 0.03626, 0.0453]",data/DT_control/exp_name=step1/POF__HARD__eps=0.01__tau=0.05__w=voltime__mode=relative__cvarhinge__kp=50.0__kc=50.0/sample=98/final.jld2,42030bc3f551244e660c9288ecc58d6cbdea7516,False,0.13783863636363636,2122,0.45950534833962203,196,20e1f7cc204ea5dd8b28fe67e3b8e4fd05357c6dd6ac55c3df7a0ee38e260bff,not available in final.jld2,8e8b73991720afddc6c93f12f3cf95be35085d4275972b36917b0a4d26cb6ea7,693eedb0364b5dc535271a51d23118253615144bc41fa8bd0fcfb88131e1a8a4,191,MISSING,MISSING,Pa stored; MPa displayed,dimensionless,mD displayed; m2 in solver,"K: common positive log limits; p: global extrema after approved runs; S: [0,1]",missing_matched_forward; no new run submitted
99,833,1,22f8b4a6d5f9f25f61b709918f0a7aea7fd933343edaaee3ae85e2d95c567bac,data/diagnostics/zero_pressure_2026-09-09/inputs/member_099.bin,True,False,480,"docs/injection_rate_arrays.md, Step 1 Case 2","[0.0001, 0.00914, 0.01818, 0.02722, 0.03626, 0.0453]",data/DT_control/exp_name=step1/POF__HARD__eps=0.01__tau=0.05__w=voltime__mode=relative__cvarhinge__kp=50.0__kc=50.0/sample=99/final.jld2,6bf9362fe824b09c972ce22935e85ce0eb5aee79,False,0.09000482954545458,2123,0.5760395156751934,191,bb356d8d427bfdfeea343d20ca0ded479971b129ac8243aedce7323dbdbfc15c,not available in final.jld2,8e8b73991720afddc6c93f12f3cf95be35085d4275972b36917b0a4d26cb6ea7,693eedb0364b5dc535271a51d23118253615144bc41fa8bd0fcfb88131e1a8a4,191,MISSING,MISSING,Pa stored; MPa displayed,dimensionless,mD displayed; m2 in solver,"K: common positive log limits; p: global extrema after approved runs; S: [0,1]",missing_matched_forward; no new run submitted
100,1675,1,26efbdf6300a36ef50816de54628c50ebc179eac5cb379f9b6284bb67d936867,data/diagnostics/zero_pressure_2026-09-09/inputs/member_100.bin,False,False,480,"docs/injection_rate_arrays.md, Step 1 Case 2","[0.0001, 0.00914, 0.01818, 0.02722, 0.03626, 0.0453]",data/DT_control/exp_name=step1/POF__HARD__eps=0.01__tau=0.05__w=voltime__mode=relative__cvarhinge__kp=50.0__kc=50.0/sample=100/final.jld2,6bf9362fe824b09c972ce22935e85ce0eb5aee79,False,0.18759893465909092,2124,0.33241366013169826,200,28c5d2db92b06d2c3e7407d87919eb279d69f8ae9af757fcc2864a5aafbc3305,not available in final.jld2,8e8b73991720afddc6c93f12f3cf95be35085d4275972b36917b0a4d26cb6ea7,693eedb0364b5dc535271a51d23118253615144bc41fa8bd0fcfb88131e1a8a4,191,MISSING,MISSING,Pa stored; MPa displayed,dimensionless,mD displayed; m2 in solver,"K: common positive log limits; p: global extrema after approved runs; S: [0,1]",missing_matched_forward; no new run submitted
101,960,2,e9ef393088812a8cd304d66183235c5d1d3ebb18d5e6c2ee6b5072b6c2db8177,data/diagnostics/zero_pressure_2026-09-09/inputs/member_101.bin,False,False,480,"docs/injection_rate_arrays.md, Step 1 Case 2","[0.0001, 0.00914, 0.01818, 0.02722, 0.03626, 0.0453]",data/DT_control/exp_name=step1/POF__HARD__eps=0.01__tau=0.05__w=voltime__mode=relative__cvarhinge__kp=50.0__kc=50.0/sample=101/final.jld2,6bf9362fe824b09c972ce22935e85ce0eb5aee79,False,0.09806590909090909,2125,0.2829687435249257,191,7217301765c0f2154677fad4d8f86239422873be88f64dbdcd8ee5764a97ea13,not available in final.jld2,8e8b73991720afddc6c93f12f3cf95be35085d4275972b36917b0a4d26cb6ea7,693eedb0364b5dc535271a51d23118253615144bc41fa8bd0fcfb88131e1a8a4,191,MISSING,MISSING,Pa stored; MPa displayed,dimensionless,mD displayed; m2 in solver,"K: common positive log limits; p: global extrema after approved runs; S: [0,1]",missing_matched_forward; no new run submitted
102,227,1,8dccf1d992b3cda83580ba86c1dab5823f54e734e40059dd132ebb32e2494dfd,data/diagnostics/zero_pressure_2026-09-09/inputs/member_102.bin,False,False,480,"docs/injection_rate_arrays.md, Step 1 Case 2","[0.0001, 0.00914, 0.01818, 0.02722, 0.03626, 0.0453]",data/DT_control/exp_name=step1/POF__HARD__eps=0.01__tau=0.05__w=voltime__mode=relative__cvarhinge__kp=50.0__kc=50.0/sample=102/final.jld2,6bf9362fe824b09c972ce22935e85ce0eb5aee79,False,0.13215681818181818,2126,0.46428294290644767,192,529664b72cc282792e29f61957fb78c1e5e7e43a8b8047a0093f8dca93a870d3,not available in final.jld2,8e8b73991720afddc6c93f12f3cf95be35085d4275972b36917b0a4d26cb6ea7,693eedb0364b5dc535271a51d23118253615144bc41fa8bd0fcfb88131e1a8a4,191,MISSING,MISSING,Pa stored; MPa displayed,dimensionless,mD displayed; m2 in solver,"K: common positive log limits; p: global extrema after approved runs; S: [0,1]",missing_matched_forward; no new run submitted
103,1616,1,9fdc484307f782727698217826b1847a749e56583db5b56a409fb78d6c8c5f1b,data/diagnostics/zero_pressure_2026-09-09/inputs/member_103.bin,True,False,480,"docs/injection_rate_arrays.md, Step 1 Case 2","[0.0001, 0.00914, 0.01818, 0.02722, 0.03626, 0.0453]",data/DT_control/exp_name=step1/POF__HARD__eps=0.01__tau=0.05__w=voltime__mode=relative__cvarhinge__kp=50.0__kc=50.0/sample=103/final.jld2,6bf9362fe824b09c972ce22935e85ce0eb5aee79,False,0.0884068181818182,2127,0.7537354421238476,191,17642728bde590c77fb2fa8d92db60974ce07a9f15d413eff53e17303b1a1136,not available in final.jld2,8e8b73991720afddc6c93f12f3cf95be35085d4275972b36917b0a4d26cb6ea7,693eedb0364b5dc535271a51d23118253615144bc41fa8bd0fcfb88131e1a8a4,191,MISSING,MISSING,Pa stored; MPa displayed,dimensionless,mD displayed; m2 in solver,"K: common positive log limits; p: global extrema after approved runs; S: [0,1]",missing_matched_forward; no new run submitted
104,194,1,a63b482428420c7cd292aac003184c3377ad2a037a8d7c188c8d3dcea3b0c898,data/diagnostics/zero_pressure_2026-09-09/inputs/member_104.bin,False,False,480,"docs/injection_rate_arrays.md, Step 1 Case 2","[0.0001, 0.00914, 0.01818, 0.02722, 0.03626, 0.0453]",data/DT_control/exp_name=step1/POF__HARD__eps=0.01__tau=0.05__w=voltime__mode=relative__cvarhinge__kp=50.0__kc=50.0/sample=104/final.jld2,6bf9362fe824b09c972ce22935e85ce0eb5aee79,False,0.14494090909090912,2128,0.7980750611192153,193,b7cfcc9d39338fd207fc93e9215938e09ad76a29af9eebc10923d0630632b009,not available in final.jld2,8e8b73991720afddc6c93f12f3cf95be35085d4275972b36917b0a4d26cb6ea7,693eedb0364b5dc535271a51d23118253615144bc41fa8bd0fcfb88131e1a8a4,191,MISSING,MISSING,Pa stored; MPa displayed,dimensionless,mD displayed; m2 in solver,"K: common positive log limits; p: global extrema after approved runs; S: [0,1]",missing_matched_forward; no new run submitted
105,1929,1,e007954eb0af12237f5655c86268d03c34184867eee730faae56000279d7331d,data/diagnostics/zero_pressure_2026-09-09/inputs/member_105.bin,False,False,480,"docs/injection_rate_arrays.md, Step 1 Case 2","[0.0001, 0.00914, 0.01818, 0.02722, 0.03626, 0.0453]",data/DT_control/exp_name=step1/POF__HARD__eps=0.01__tau=0.05__w=voltime__mode=relative__cvarhinge__kp=50.0__kc=50.0/sample=105/final.jld2,6bf9362fe824b09c972ce22935e85ce0eb5aee79,False,0.04510340909090911,2129,0.37171606393097667,197,3f5805019603a0b996aad067b00650c2681ed3f865bb4d7cc76b6744477a0f00,not available in final.jld2,8e8b73991720afddc6c93f12f3cf95be35085d4275972b36917b0a4d26cb6ea7,693eedb0364b5dc535271a51d23118253615144bc41fa8bd0fcfb88131e1a8a4,191,MISSING,MISSING,Pa stored; MPa displayed,dimensionless,mD displayed; m2 in solver,"K: common positive log limits; p: global extrema after approved runs; S: [0,1]",missing_matched_forward; no new run submitted
106,1300,1,1b62856725d1dd5ad13ab2c670b41217ede4ce137bd22976c683c9dcb613c6fd,data/diagnostics/zero_pressure_2026-09-09/inputs/member_106.bin,False,False,480,"docs/injection_rate_arrays.md, Step 1 Case 2","[0.0001, 0.00914, 0.01818, 0.02722, 0.03626, 0.0453]",data/DT_control/exp_name=step1/POF__HARD__eps=0.01__tau=0.05__w=voltime__mode=relative__cvarhinge__kp=50.0__kc=50.0/sample=106/final.jld2,6bf9362fe824b09c972ce22935e85ce0eb5aee79,False,0.07349204545454548,2130,0.53909516478217,191,7cf737b22738d2c7d2508bde8657c11aff8ea490baf7042892694210c011a68c,not available in final.jld2,8e8b73991720afddc6c93f12f3cf95be35085d4275972b36917b0a4d26cb6ea7,693eedb0364b5dc535271a51d23118253615144bc41fa8bd0fcfb88131e1a8a4,191,MISSING,MISSING,Pa stored; MPa displayed,dimensionless,mD displayed; m2 in solver,"K: common positive log limits; p: global extrema after approved runs; S: [0,1]",missing_matched_forward; no new run submitted
107,974,1,8df5ad9b0959c377a1188423314e7d29c4482fc2e8b3ca9de9ada3fedd086b91,data/diagnostics/zero_pressure_2026-09-09/inputs/member_107.bin,False,False,480,"docs/injection_rate_arrays.md, Step 1 Case 2","[0.0001, 0.00914, 0.01818, 0.02722, 0.03626, 0.0453]",data/DT_control/exp_name=step1/POF__HARD__eps=0.01__tau=0.05__w=voltime__mode=relative__cvarhinge__kp=50.0__kc=50.0/sample=107/final.jld2,6bf9362fe824b09c972ce22935e85ce0eb5aee79,False,0.07704318181818183,2131,0.7636419184487047,192,8a646469b05569110a9be3e5f0f462b6543277aa97f2a2cc29a5fd8c1bf74b33,not available in final.jld2,8e8b73991720afddc6c93f12f3cf95be35085d4275972b36917b0a4d26cb6ea7,693eedb0364b5dc535271a51d23118253615144bc41fa8bd0fcfb88131e1a8a4,191,MISSING,MISSING,Pa stored; MPa displayed,dimensionless,mD displayed; m2 in solver,"K: common positive log limits; p: global extrema after approved runs; S: [0,1]",missing_matched_forward; no new run submitted
108,940,1,5159cdb9090c028a0a41ed73d078a20050ff4020eb5451c4029b32476f9fd2d9,data/diagnostics/zero_pressure_2026-09-09/inputs/member_108.bin,True,False,480,"docs/injection_rate_arrays.md, Step 1 Case 2","[0.0001, 0.00914, 0.01818, 0.02722, 0.03626, 0.0453]",data/DT_control/exp_name=step1/POF__HARD__eps=0.01__tau=0.05__w=voltime__mode=relative__cvarhinge__kp=50.0__kc=50.0/sample=108/final.jld2,6bf9362fe824b09c972ce22935e85ce0eb5aee79,False,0.2671,2132,0.6402477941659808,198,c937c3e25f4ca3c01f1d8a692e6447272fab3779b31ec4d43267c06aec38cff8,not available in final.jld2,8e8b73991720afddc6c93f12f3cf95be35085d4275972b36917b0a4d26cb6ea7,693eedb0364b5dc535271a51d23118253615144bc41fa8bd0fcfb88131e1a8a4,191,MISSING,MISSING,Pa stored; MPa displayed,dimensionless,mD displayed; m2 in solver,"K: common positive log limits; p: global extrema after approved runs; S: [0,1]",missing_matched_forward; no new run submitted
109,1377,1,bef7be5bd42bf1ea139647268abb74d06858f0c6b6c0eb829c59b3e0b4e41d19,data/diagnostics/zero_pressure_2026-09-09/inputs/member_109.bin,False,False,480,"docs/injection_rate_arrays.md, Step 1 Case 2","[0.0001, 0.00914, 0.01818, 0.02722, 0.03626, 0.0453]",data/DT_control/exp_name=step1/POF__HARD__eps=0.01__tau=0.05__w=voltime__mode=relative__cvarhinge__kp=50.0__kc=50.0/sample=109/final.jld2,6bf9362fe824b09c972ce22935e85ce0eb5aee79,False,0.1676681818181818,2133,0.6660305275826377,200,f88c5753efff076a9c8a5924a63d4274042e6528d3e60f2a9578cbc593aa6402,not available in final.jld2,8e8b73991720afddc6c93f12f3cf95be35085d4275972b36917b0a4d26cb6ea7,693eedb0364b5dc535271a51d23118253615144bc41fa8bd0fcfb88131e1a8a4,191,MISSING,MISSING,Pa stored; MPa displayed,dimensionless,mD displayed; m2 in solver,"K: common positive log limits; p: global extrema after approved runs; S: [0,1]",missing_matched_forward; no new run submitted
110,1020,1,fbfe37cf2a103b085098b87d1c93a152b0806869bcae882dba14b14ffb900359,data/diagnostics/zero_pressure_2026-09-09/inputs/member_110.bin,False,False,480,"docs/injection_rate_arrays.md, Step 1 Case 2","[0.0001, 0.00914, 0.01818, 0.02722, 0.03626, 0.0453]",data/DT_control/exp_name=step1/POF__HARD__eps=0.01__tau=0.05__w=voltime__mode=relative__cvarhinge__kp=50.0__kc=50.0/sample=110/final.jld2,6bf9362fe824b09c972ce22935e85ce0eb5aee79,False,0.20033863636363636,2134,0.6849061017894511,200,1ed0386ac731bfee6ec70f0a6b0ea7c8e8ad3a7ac5211de9a89d51fe2e51bb21,not available in final.jld2,8e8b73991720afddc6c93f12f3cf95be35085d4275972b36917b0a4d26cb6ea7,693eedb0364b5dc535271a51d23118253615144bc41fa8bd0fcfb88131e1a8a4,191,MISSING,MISSING,Pa stored; MPa displayed,dimensionless,mD displayed; m2 in solver,"K: common positive log limits; p: global extrema after approved runs; S: [0,1]",missing_matched_forward; no new run submitted
111,485,1,4109ede5eab4c5da51cf1e491058b2246d9de4312c51d952d88d2905d747e681,data/diagnostics/zero_pressure_2026-09-09/inputs/member_111.bin,False,False,480,"docs/injection_rate_arrays.md, Step 1 Case 2","[0.0001, 0.00914, 0.01818, 0.02722, 0.03626, 0.0453]",data/DT_control/exp_name=step1/POF__HARD__eps=0.01__tau=0.05__w=voltime__mode=relative__cvarhinge__kp=50.0__kc=50.0/sample=111/final.jld2,6bf9362fe824b09c972ce22935e85ce0eb5aee79,False,0.1879096590909091,2135,0.5563068471083968,195,a232a862b877a7d376d1e52e727a68e909bc8690a9c7fdd6c05bd3874c3631ad,not available in final.jld2,8e8b73991720afddc6c93f12f3cf95be35085d4275972b36917b0a4d26cb6ea7,693eedb0364b5dc535271a51d23118253615144bc41fa8bd0fcfb88131e1a8a4,191,MISSING,MISSING,Pa stored; MPa displayed,dimensionless,mD displayed; m2 in solver,"K: common positive log limits; p: global extrema after approved runs; S: [0,1]",missing_matched_forward; no new run submitted
112,1666,1,e4ccfc7779fb3e7539dea92dbd2aeb719ad977b42cbdbf453c1aefd0971c6459,data/diagnostics/zero_pressure_2026-09-09/inputs/member_112.bin,True,False,480,"docs/injection_rate_arrays.md, Step 1 Case 2","[0.0001, 0.00914, 0.01818, 0.02722, 0.03626, 0.0453]",data/DT_control/exp_name=step1/POF__HARD__eps=0.01__tau=0.05__w=voltime__mode=relative__cvarhinge__kp=50.0__kc=50.0/sample=112/final.jld2,6bf9362fe824b09c972ce22935e85ce0eb5aee79,False,0.07917386363636367,2136,0.5348105622901075,192,86a08ada5ab54256cf9c9855ddc3c56c4da3cc475ba95cbdc1230594976996bb,not available in final.jld2,8e8b73991720afddc6c93f12f3cf95be35085d4275972b36917b0a4d26cb6ea7,693eedb0364b5dc535271a51d23118253615144bc41fa8bd0fcfb88131e1a8a4,191,MISSING,MISSING,Pa stored; MPa displayed,dimensionless,mD displayed; m2 in solver,"K: common positive log limits; p: global extrema after approved runs; S: [0,1]",missing_matched_forward; no new run submitted
113,1596,1,4adacde14d54dbade2dd22518daf80ea2ca9131d7234dca31d17fad9d28329f8,data/diagnostics/zero_pressure_2026-09-09/inputs/member_113.bin,False,False,480,"docs/injection_rate_arrays.md, Step 1 Case 2","[0.0001, 0.00914, 0.01818, 0.02722, 0.03626, 0.0453]",data/DT_control/exp_name=step1/POF__HARD__eps=0.01__tau=0.05__w=voltime__mode=relative__cvarhinge__kp=50.0__kc=50.0/sample=113/final.jld2,6bf9362fe824b09c972ce22935e85ce0eb5aee79,False,0.0855659090909091,2137,0.6622258040794617,191,782215a6f93341d034b9c1e2574a7bc6fb3d5d5841a0b5d30ba6e44a31b88069,not available in final.jld2,8e8b73991720afddc6c93f12f3cf95be35085d4275972b36917b0a4d26cb6ea7,693eedb0364b5dc535271a51d23118253615144bc41fa8bd0fcfb88131e1a8a4,191,MISSING,MISSING,Pa stored; MPa displayed,dimensionless,mD displayed; m2 in solver,"K: common positive log limits; p: global extrema after approved runs; S: [0,1]",missing_matched_forward; no new run submitted
114,53,1,cc7168a36bb094f4c42e4ccb69d50fac7dad52b9d2a893bda5744462859796e3,data/diagnostics/zero_pressure_2026-09-09/inputs/member_114.bin,False,False,480,"docs/injection_rate_arrays.md, Step 1 Case 2","[0.0001, 0.00914, 0.01818, 0.02722, 0.03626, 0.0453]",data/DT_control/exp_name=step1/POF__HARD__eps=0.01__tau=0.05__w=voltime__mode=relative__cvarhinge__kp=50.0__kc=50.0/sample=114/final.jld2,6bf9362fe824b09c972ce22935e85ce0eb5aee79,False,0.16198636363636362,2138,0.2622932554811894,196,dde8f5d9e629909f30b851cfff8e99f4fa6068637d6f1dfbe985ac31d168afbb,not available in final.jld2,8e8b73991720afddc6c93f12f3cf95be35085d4275972b36917b0a4d26cb6ea7,693eedb0364b5dc535271a51d23118253615144bc41fa8bd0fcfb88131e1a8a4,191,MISSING,MISSING,Pa stored; MPa displayed,dimensionless,mD displayed; m2 in solver,"K: common positive log limits; p: global extrema after approved runs; S: [0,1]",missing_matched_forward; no new run submitted
115,960,2,e9ef393088812a8cd304d66183235c5d1d3ebb18d5e6c2ee6b5072b6c2db8177,data/diagnostics/zero_pressure_2026-09-09/inputs/member_115.bin,False,False,480,"docs/injection_rate_arrays.md, Step 1 Case 2","[0.0001, 0.00914, 0.01818, 0.02722, 0.03626, 0.0453]",data/DT_control/exp_name=step1/POF__HARD__eps=0.01__tau=0.05__w=voltime__mode=relative__cvarhinge__kp=50.0__kc=50.0/sample=115/final.jld2,6bf9362fe824b09c972ce22935e85ce0eb5aee79,False,0.09806590909090909,2139,0.7294731194656932,191,a753c0cd121b5ae87587222d13594f8e7691924c136f1dfdf401f762b9d3b553,not available in final.jld2,8e8b73991720afddc6c93f12f3cf95be35085d4275972b36917b0a4d26cb6ea7,693eedb0364b5dc535271a51d23118253615144bc41fa8bd0fcfb88131e1a8a4,191,MISSING,MISSING,Pa stored; MPa displayed,dimensionless,mD displayed; m2 in solver,"K: common positive log limits; p: global extrema after approved runs; S: [0,1]",missing_matched_forward; no new run submitted
116,222,1,367a149464b9c96a9d960e70ec903e92faa684344f7eb3038e855db62359ebfe,data/diagnostics/zero_pressure_2026-09-09/inputs/member_116.bin,True,False,480,"docs/injection_rate_arrays.md, Step 1 Case 2","[0.0001, 0.00914, 0.01818, 0.02722, 0.03626, 0.0453]",data/DT_control/exp_name=step1/POF__HARD__eps=0.01__tau=0.05__w=voltime__mode=relative__cvarhinge__kp=50.0__kc=50.0/sample=116/final.jld2,6bf9362fe824b09c972ce22935e85ce0eb5aee79,False,0.0884068181818182,2140,0.35386974887282985,191,ec28582faeb720ef3d19ac53869ac68d9783857e2bb9e03d9bce12fe0b84c612,not available in final.jld2,8e8b73991720afddc6c93f12f3cf95be35085d4275972b36917b0a4d26cb6ea7,693eedb0364b5dc535271a51d23118253615144bc41fa8bd0fcfb88131e1a8a4,191,MISSING,MISSING,Pa stored; MPa displayed,dimensionless,mD displayed; m2 in solver,"K: common positive log limits; p: global extrema after approved runs; S: [0,1]",missing_matched_forward; no new run submitted
117,890,1,d62e2262cf9e2fce64d135572ca05bbf1d88312501a99a567668733d3f578263,data/diagnostics/zero_pressure_2026-09-09/inputs/member_117.bin,False,False,480,"docs/injection_rate_arrays.md, Step 1 Case 2","[0.0001, 0.00914, 0.01818, 0.02722, 0.03626, 0.0453]",data/DT_control/exp_name=step1/POF__HARD__eps=0.01__tau=0.05__w=voltime__mode=relative__cvarhinge__kp=50.0__kc=50.0/sample=117/final.jld2,6bf9362fe824b09c972ce22935e85ce0eb5aee79,False,0.11653181818181818,2141,0.7100097594521189,193,ca7f8c9826135b08e1c9647e6096a0f7ee35ad6dbee85da8e33385d2988222b9,not available in final.jld2,8e8b73991720afddc6c93f12f3cf95be35085d4275972b36917b0a4d26cb6ea7,693eedb0364b5dc535271a51d23118253615144bc41fa8bd0fcfb88131e1a8a4,191,MISSING,MISSING,Pa stored; MPa displayed,dimensionless,mD displayed; m2 in solver,"K: common positive log limits; p: global extrema after approved runs; S: [0,1]",missing_matched_forward; no new run submitted
118,1114,1,67ff14b01036c0b10874a2eba37bccca61f7825a4af66afbcc680e02b3776dc3,data/diagnostics/zero_pressure_2026-09-09/inputs/member_118.bin,False,False,480,"docs/injection_rate_arrays.md, Step 1 Case 2","[0.0001, 0.00914, 0.01818, 0.02722, 0.03626, 0.0453]",data/DT_control/exp_name=step1/POF__HARD__eps=0.01__tau=0.05__w=voltime__mode=relative__cvarhinge__kp=50.0__kc=50.0/sample=118/final.jld2,6bf9362fe824b09c972ce22935e85ce0eb5aee79,False,0.09451477272727274,2142,0.3787623092255342,191,b8e96b17cb991fdac4905796524986ecf14b3c652aef44d1e18117e0451ae386,not available in final.jld2,8e8b73991720afddc6c93f12f3cf95be35085d4275972b36917b0a4d26cb6ea7,693eedb0364b5dc535271a51d23118253615144bc41fa8bd0fcfb88131e1a8a4,191,MISSING,MISSING,Pa stored; MPa displayed,dimensionless,mD displayed; m2 in solver,"K: common positive log limits; p: global extrema after approved runs; S: [0,1]",missing_matched_forward; no new run submitted
119,1771,1,4b391177807390a8b2d9a549a69bf935743d2741645153c193f28f874daf023e,data/diagnostics/zero_pressure_2026-09-09/inputs/member_119.bin,False,False,480,"docs/injection_rate_arrays.md, Step 1 Case 2","[0.0001, 0.00914, 0.01818, 0.02722, 0.03626, 0.0453]",data/DT_control/exp_name=step1/POF__HARD__eps=0.01__tau=0.05__w=voltime__mode=relative__cvarhinge__kp=50.0__kc=50.0/sample=119/final.jld2,6bf9362fe824b09c972ce22935e85ce0eb5aee79,False,0.06711420454545458,2143,0.28514872828132826,191,07e958e7a4c858516d162484be9b2d519c928979579e2432aa3c6e00cddfbd73,not available in final.jld2,8e8b73991720afddc6c93f12f3cf95be35085d4275972b36917b0a4d26cb6ea7,693eedb0364b5dc535271a51d23118253615144bc41fa8bd0fcfb88131e1a8a4,191,MISSING,MISSING,Pa stored; MPa displayed,dimensionless,mD displayed; m2 in solver,"K: common positive log limits; p: global extrema after approved runs; S: [0,1]",missing_matched_forward; no new run submitted
120,1237,1,09eaa71426bb225ae87090c9afca82d355e9a788988e12de14de92ec4bb9d81d,data/diagnostics/zero_pressure_2026-09-09/inputs/member_120.bin,True,False,480,"docs/injection_rate_arrays.md, Step 1 Case 2","[0.0001, 0.00914, 0.01818, 0.02722, 0.03626, 0.0453]",data/DT_control/exp_name=step1/POF__HARD__eps=0.01__tau=0.05__w=voltime__mode=relative__cvarhinge__kp=50.0__kc=50.0/sample=120/final.jld2,6bf9362fe824b09c972ce22935e85ce0eb5aee79,False,0.14352045454545456,2144,0.6934244943203325,191,b6edb8107d93e5596f93a0869d86250c0fef9e92290b65de0ac8571c42d8e6ee,not available in final.jld2,8e8b73991720afddc6c93f12f3cf95be35085d4275972b36917b0a4d26cb6ea7,693eedb0364b5dc535271a51d23118253615144bc41fa8bd0fcfb88131e1a8a4,191,MISSING,MISSING,Pa stored; MPa displayed,dimensionless,mD displayed; m2 in solver,"K: common positive log limits; p: global extrema after approved runs; S: [0,1]",missing_matched_forward; no new run submitted
121,1395,1,9c6810dd7d48243235c0e3cd8616bd5e403c65eb21f897e6c17862377bd3a269,data/diagnostics/zero_pressure_2026-09-09/inputs/member_121.bin,False,False,480,"docs/injection_rate_arrays.md, Step 1 Case 2","[0.0001, 0.00914, 0.01818, 0.02722, 0.03626, 0.0453]",data/DT_control/exp_name=step1/POF__HARD__eps=0.01__tau=0.05__w=voltime__mode=relative__cvarhinge__kp=50.0__kc=50.0/sample=121/final.jld2,6bf9362fe824b09c972ce22935e85ce0eb5aee79,False,0.11653181818181818,2145,0.6362598860859512,191,b87a926e877e3f0019d3b1f45229bf76db60b5e1a3aa13cc3966eb7e65df28d0,not available in final.jld2,8e8b73991720afddc6c93f12f3cf95be35085d4275972b36917b0a4d26cb6ea7,693eedb0364b5dc535271a51d23118253615144bc41fa8bd0fcfb88131e1a8a4,191,MISSING,MISSING,Pa stored; MPa displayed,dimensionless,mD displayed; m2 in solver,"K: common positive log limits; p: global extrema after approved runs; S: [0,1]",missing_matched_forward; no new run submitted
122,685,1,2c3e28029c28a99584dcd6ff7ebbbe1d63f6bffc6fa6adbac1004cf87a165c3c,data/diagnostics/zero_pressure_2026-09-09/inputs/member_122.bin,False,False,480,"docs/injection_rate_arrays.md, Step 1 Case 2","[0.0001, 0.00914, 0.01818, 0.02722, 0.03626, 0.0453]",data/DT_control/exp_name=step1/POF__HARD__eps=0.01__tau=0.05__w=voltime__mode=relative__cvarhinge__kp=50.0__kc=50.0/sample=122/final.jld2,6bf9362fe824b09c972ce22935e85ce0eb5aee79,False,0.14494090909090912,2146,0.6525235156423537,191,bf1954e818e7a49a7a6ecaff97e6c6ec56b01cae96bd896e26c6c7fec6840057,not available in final.jld2,8e8b73991720afddc6c93f12f3cf95be35085d4275972b36917b0a4d26cb6ea7,693eedb0364b5dc535271a51d23118253615144bc41fa8bd0fcfb88131e1a8a4,191,MISSING,MISSING,Pa stored; MPa displayed,dimensionless,mD displayed; m2 in solver,"K: common positive log limits; p: global extrema after approved runs; S: [0,1]",missing_matched_forward; no new run submitted
123,891,1,9d5e54c7382d422f563588ee682535433413c9076a9e91c39e6b441fe6552060,data/diagnostics/zero_pressure_2026-09-09/inputs/member_123.bin,False,False,480,"docs/injection_rate_arrays.md, Step 1 Case 2","[0.0001, 0.00914, 0.01818, 0.02722, 0.03626, 0.0453]",data/DT_control/exp_name=step1/POF__HARD__eps=0.01__tau=0.05__w=voltime__mode=relative__cvarhinge__kp=50.0__kc=50.0/sample=123/final.jld2,6bf9362fe824b09c972ce22935e85ce0eb5aee79,False,0.27846363636363636,2147,0.706529412764239,200,68d2c24be8d6c53c495541cb16d3e7b4b2e68f1b58902e4b51c109c6d5d353da,not available in final.jld2,8e8b73991720afddc6c93f12f3cf95be35085d4275972b36917b0a4d26cb6ea7,693eedb0364b5dc535271a51d23118253615144bc41fa8bd0fcfb88131e1a8a4,191,MISSING,MISSING,Pa stored; MPa displayed,dimensionless,mD displayed; m2 in solver,"K: common positive log limits; p: global extrema after approved runs; S: [0,1]",missing_matched_forward; no new run submitted
124,1845,1,516ecf5770b3bbc83021f6f62c23a146937d51d64ff120bbc394b63fc1c20c50,data/diagnostics/zero_pressure_2026-09-09/inputs/member_124.bin,True,False,480,"docs/injection_rate_arrays.md, Step 1 Case 2","[0.0001, 0.00914, 0.01818, 0.02722, 0.03626, 0.0453]",data/DT_control/exp_name=step1/POF__HARD__eps=0.01__tau=0.05__w=voltime__mode=relative__cvarhinge__kp=50.0__kc=50.0/sample=124/final.jld2,6bf9362fe824b09c972ce22935e85ce0eb5aee79,False,0.1310914772727273,2148,0.3905355499554298,197,d6ef9a8df0d0d523d54cf39fabba35013b96fc9d4c765ed048ebd8c33de8cf3a,not available in final.jld2,8e8b73991720afddc6c93f12f3cf95be35085d4275972b36917b0a4d26cb6ea7,693eedb0364b5dc535271a51d23118253615144bc41fa8bd0fcfb88131e1a8a4,191,MISSING,MISSING,Pa stored; MPa displayed,dimensionless,mD displayed; m2 in solver,"K: common positive log limits; p: global extrema after approved runs; S: [0,1]",missing_matched_forward; no new run submitted
125,1799,1,8ee29031b4dcd42764bc071ee88931199f1b851ba1cc23cb51cb55becfb3e6f9,data/diagnostics/zero_pressure_2026-09-09/inputs/member_125.bin,False,False,480,"docs/injection_rate_arrays.md, Step 1 Case 2","[0.0001, 0.00914, 0.01818, 0.02722, 0.03626, 0.0453]",data/DT_control/exp_name=step1/POF__HARD__eps=0.01__tau=0.05__w=voltime__mode=relative__cvarhinge__kp=50.0__kc=50.0/sample=125/final.jld2,6bf9362fe824b09c972ce22935e85ce0eb5aee79,False,0.07349204545454548,2149,0.27898257827121575,191,7a9fa0891460283620f5c05d85720a9fa5f2a69ac412482426c9330377a41e4e,not available in final.jld2,8e8b73991720afddc6c93f12f3cf95be35085d4275972b36917b0a4d26cb6ea7,693eedb0364b5dc535271a51d23118253615144bc41fa8bd0fcfb88131e1a8a4,191,MISSING,MISSING,Pa stored; MPa displayed,dimensionless,mD displayed; m2 in solver,"K: common positive log limits; p: global extrema after approved runs; S: [0,1]",missing_matched_forward; no new run submitted
126,488,1,7a20640ef779f2ddc15e3bd3f6ed541fd741507bb4bb7175461e12d1300480ca,data/diagnostics/zero_pressure_2026-09-09/inputs/member_126.bin,False,False,480,"docs/injection_rate_arrays.md, Step 1 Case 2","[0.0001, 0.00914, 0.01818, 0.02722, 0.03626, 0.0453]",data/DT_control/exp_name=step1/POF__HARD__eps=0.01__tau=0.05__w=voltime__mode=relative__cvarhinge__kp=50.0__kc=50.0/sample=126/final.jld2,6bf9362fe824b09c972ce22935e85ce0eb5aee79,False,0.09806590909090909,2150,0.43813243408517855,196,5f32943a5109e5b77adc22df815b7850c485550f0ae6580721391c4c9efa55c6,not available in final.jld2,8e8b73991720afddc6c93f12f3cf95be35085d4275972b36917b0a4d26cb6ea7,693eedb0364b5dc535271a51d23118253615144bc41fa8bd0fcfb88131e1a8a4,191,MISSING,MISSING,Pa stored; MPa displayed,dimensionless,mD displayed; m2 in solver,"K: common positive log limits; p: global extrema after approved runs; S: [0,1]",missing_matched_forward; no new run submitted
127,1904,1,f89c14f35620ae62042f45fe640fa84e2215a2d16cac5f4482c5814bf9e2dff6,data/diagnostics/zero_pressure_2026-09-09/inputs/member_127.bin,False,False,480,"docs/injection_rate_arrays.md, Step 1 Case 2","[0.0001, 0.00914, 0.01818, 0.02722, 0.03626, 0.0453]",data/DT_control/exp_name=step1/POF__HARD__eps=0.01__tau=0.05__w=voltime__mode=relative__cvarhinge__kp=50.0__kc=50.0/sample=127/final.jld2,6bf9362fe824b09c972ce22935e85ce0eb5aee79,False,0.08272500000000003,2151,0.4727512790711912,191,0d3ceb276c9df2beb61dd5e65a820abe68f2eb55b76693aae5609498012f9d06,not available in final.jld2,8e8b73991720afddc6c93f12f3cf95be35085d4275972b36917b0a4d26cb6ea7,693eedb0364b5dc535271a51d23118253615144bc41fa8bd0fcfb88131e1a8a4,191,MISSING,MISSING,Pa stored; MPa displayed,dimensionless,mD displayed; m2 in solver,"K: common positive log limits; p: global extrema after approved runs; S: [0,1]",missing_matched_forward; no new run submitted
128,1542,1,68aa937aede36f61edf44c2a29d58e2bbeabe5a5a1440f857d98f7bd2dfcd773,data/diagnostics/zero_pressure_2026-09-09/inputs/member_128.bin,True,True,480,"docs/injection_rate_arrays.md, Step 1 Case 2","[0.0001, 0.00914, 0.01818, 0.02722, 0.03626, 0.0453]",data/DT_control/exp_name=step1/POF__HARD__eps=0.01__tau=0.05__w=voltime__mode=relative__cvarhinge__kp=50.0__kc=50.0/sample=128/final.jld2,6bf9362fe824b09c972ce22935e85ce0eb5aee79,False,0.06143238636363639,2152,0.5055163399377834,194,c38e166bc42d74bfa3d50488ef69daefdfd03b02fb256a26d37c766051d1aacb,not available in final.jld2,8e8b73991720afddc6c93f12f3cf95be35085d4275972b36917b0a4d26cb6ea7,693eedb0364b5dc535271a51d23118253615144bc41fa8bd0fcfb88131e1a8a4,191,MISSING,MISSING,Pa stored; MPa displayed,dimensionless,mD displayed; m2 in solver,"K: common positive log limits; p: global extrema after approved runs; S: [0,1]",missing_matched_forward; no new run submitted
